frame_idx,time_s,true_label,predicted_proba,predicted_proba_raw,predicted_label
0,0.0,0,0.028499366715550423,0.02867869660258293,0
12,0.196,0,0.028009280562400818,0.028320036828517914,0
24,0.393,0,0.02927759786446889,0.02702910825610161,0
36,0.589,0,0.02927759786446889,0.032483648508787155,0
48,0.785,0,0.029707907388607662,0.028320036828517914,0
60,0.982,0,0.028320036828517914,0.028320036828517914,0
72,1.178,0,0.028017941862344742,0.028320036828517914,0
84,1.374,0,0.028017941862344742,0.027413751929998398,0
96,1.571,0,0.027587632338205974,0.028320036828517914,0
108,1.767,0,0.027459417780240376,0.02702910825610161,0
120,1.963,0,0.027459417780240376,0.02702910825610161,0
132,2.159,0,0.027889727304379146,0.028320036828517914,0
144,2.356,0,0.027601031586527824,0.028320036828517914,0
156,2.552,0,0.028988902146617573,0.026163021102547646,0
168,2.748,0,0.028558592622478802,0.032483648508787155,0
180,2.945,0,0.028847288340330124,0.02702910825610161,0
192,3.141,0,0.02702910825610161,0.02702910825610161,0
204,3.337,0,0.02702910825610161,0.02702910825610161,0
216,3.534,0,0.029361399511496227,0.02702910825610161,0
228,3.73,0,0.029361399511496227,0.03402598202228546,0
240,3.926,0,0.029791709035634995,0.02702910825610161,0
252,4.123,0,0.027459417780240376,0.028320036828517914,0
264,4.319,0,0.027459417780240376,0.02702910825610161,0
276,4.515,0,0.027013371388117473,0.02702910825610161,0
288,4.712,0,0.02891202022631963,0.0269818976521492,0
300,4.908,0,0.16298499579230943,0.032725054770708084,0
312,5.104,0,0.2976089082658291,0.42924803495407104,0
324,5.3,0,0.430638720591863,0.43085363507270813,0
336,5.497,0,0.430638720591863,0.4318144917488098,0
348,5.693,0,0.4301035205523173,0.42924803495407104,0
360,5.889,0,0.42978323499361676,0.42924803495407104,0
372,6.086,0,0.42978323499361676,0.43085363507270813,0
384,6.282,0,0.42978323499361676,0.42924803495407104,0
396,6.478,0,0.42924803495407104,0.42924803495407104,0
408,6.675,0,0.42978323499361676,0.42924803495407104,0
420,6.871,0,0.42978323499361676,0.43085363507270813,0
432,7.067,0,0.4303184350331624,0.42924803495407104,0
444,7.264,0,0.430638720591863,0.43085363507270813,0
456,7.46,0,0.430638720591863,0.4318144917488098,0
468,7.656,0,0.4301035205523173,0.42924803495407104,0
480,7.853,0,0.42924803495407104,0.42924803495407104,0
492,8.049,0,0.4301035205523173,0.42924803495407104,0
504,8.245,0,0.43095900615056354,0.4318144917488098,0
516,8.441,0,0.4318144917488098,0.4318144917488098,0
528,8.638,0,0.4318144917488098,0.4318144917488098,0
540,8.834,0,0.4318144917488098,0.4318144917488098,0
552,9.03,0,0.4318144917488098,0.4318144917488098,0
564,9.227,0,0.43819735447565716,0.4318144917488098,0
576,9.423,0,0.46784154574076336,0.4509630799293518,0
588,9.619,0,0.4839053452014923,0.5207470655441284,0
600,9.816,0,0.4315911928812663,0.4800058901309967,0
612,10.012,0,0.34878311554590863,0.2940206229686737,0
624,10.208,0,0.2896440923213959,0.2723228335380554,0
636,10.405,0,0.2851405342419942,0.3025888204574585,0
648,10.601,0,0.2851405342419942,0.28050994873046875,0
660,10.797,0,0.20700650910536447,0.2723228335380554,0
672,10.994,0,0.20427747070789337,0.06818674504756927,0
684,11.19,0,0.19744237760702768,0.2723228335380554,0
696,11.386,0,0.2226922263701757,0.2518175542354584,0
708,11.582,0,0.1708380083243052,0.14393629133701324,0
720,11.779,0,0.12238017469644547,0.11676017940044403,0
732,11.975,0,0.1075446034471194,0.10644405335187912,0
744,12.171,0,0.0961146131157875,0.09942957758903503,0
756,12.368,0,0.08729122579097748,0.08247020840644836,0
768,12.564,0,0.07506940513849258,0.07997389137744904,0
780,12.76,0,0.06850070754686992,0.06276411563158035,0
792,12.957,0,0.06276411563158035,0.06276411563158035,0
804,13.153,0,0.06358130772908528,0.06276411563158035,0
816,13.349,0,0.06439849982659022,0.06521569192409515,0
828,13.546,0,0.06527684877316157,0.06521569192409515,0
840,13.742,0,0.06445965667565663,0.0653991624712944,0
852,13.938,0,0.0636424645781517,0.06276411563158035,0
864,14.135,0,0.06276411563158035,0.06276411563158035,0
876,14.331,0,0.06276411563158035,0.06276411563158035,0
888,14.527,0,0.06358130772908528,0.06276411563158035,0
900,14.723,0,0.06175907328724861,0.06521569192409515,0
912,14.92,0,0.19214340671896935,0.05729741230607033,0
924,15.116,0,0.32171054805318516,0.45391711592674255,0
936,15.312,0,0.45391711592674255,0.45391711592674255,0
948,15.509,0,0.45391711592674255,0.45391711592674255,0
960,15.705,0,0.45391711592674255,0.45391711592674255,0
972,15.901,0,0.45391711592674255,0.45391711592674255,0
984,16.098,0,0.45391711592674255,0.45391711592674255,0
996,16.294,0,0.45391711592674255,0.45391711592674255,0
1008,16.49,0,0.45391711592674255,0.45391711592674255,0
1020,16.687,0,0.45391711592674255,0.45391711592674255,0
1032,16.883,0,0.45391711592674255,0.45391711592674255,0
1044,17.079,0,0.45391711592674255,0.45391711592674255,0
1056,17.276,0,0.45391711592674255,0.45391711592674255,0
1068,17.472,0,0.45391711592674255,0.45391711592674255,0
1080,17.668,0,0.45391711592674255,0.45391711592674255,0
1092,17.864,0,0.45391711592674255,0.45391711592674255,0
1104,18.061,0,0.45391711592674255,0.45391711592674255,0
1116,18.257,0,0.45391711592674255,0.45391711592674255,0
1128,18.453,0,0.45391711592674255,0.45391711592674255,0
1140,18.65,0,0.45391711592674255,0.45391711592674255,0
1152,18.846,0,0.45391711592674255,0.45391711592674255,0
1164,19.042,0,0.45391711592674255,0.45391711592674255,0
1176,19.239,0,0.45391711592674255,0.45391711592674255,0
1188,19.435,0,0.45391711592674255,0.45391711592674255,0
1200,19.631,0,0.45391711592674255,0.45391711592674255,0
1212,19.828,0,0.45391711592674255,0.45391711592674255,0
1224,20.024,0,0.45391711592674255,0.45391711592674255,0
1236,20.22,0,0.45391711592674255,0.45391711592674255,0
1248,20.417,0,0.45391711592674255,0.45391711592674255,0
1260,20.613,0,0.45391711592674255,0.45391711592674255,0
1272,20.809,0,0.45391711592674255,0.45391711592674255,0
1284,21.005,0,0.45391711592674255,0.45391711592674255,0
1296,21.202,0,0.45391711592674255,0.45391711592674255,0
1308,21.398,0,0.45391711592674255,0.45391711592674255,0
1320,21.594,0,0.45391711592674255,0.45391711592674255,0
1332,21.791,0,0.45391711592674255,0.45391711592674255,0
1344,21.987,0,0.45391711592674255,0.45391711592674255,0
1356,22.183,0,0.45391711592674255,0.45391711592674255,0
1368,22.38,0,0.45391711592674255,0.45391711592674255,0
1380,22.576,0,0.45391711592674255,0.45391711592674255,0
1392,22.772,0,0.45391711592674255,0.45391711592674255,0
1404,22.969,0,0.45391711592674255,0.45391711592674255,0
1416,23.165,0,0.45391711592674255,0.45391711592674255,0
1428,23.361,0,0.45391711592674255,0.45391711592674255,0
1440,23.558,0,0.45391711592674255,0.45391711592674255,0
1452,23.754,0,0.45391711592674255,0.45391711592674255,0
1464,23.95,0,0.45391711592674255,0.45391711592674255,0
1476,24.146,0,0.45391711592674255,0.45391711592674255,0
1488,24.343,0,0.45391711592674255,0.45391711592674255,0
1500,24.539,0,0.45391711592674255,0.45391711592674255,0
1512,24.735,0,0.45391711592674255,0.45391711592674255,0
1524,24.932,0,0.45391711592674255,0.45391711592674255,0
1536,25.128,0,0.45391711592674255,0.45391711592674255,0
1548,25.324,0,0.45391711592674255,0.45391711592674255,0
1560,25.521,0,0.45391711592674255,0.45391711592674255,0
1572,25.717,0,0.45391711592674255,0.45391711592674255,0
1584,25.913,0,0.45391711592674255,0.45391711592674255,0
1596,26.11,0,0.45391711592674255,0.45391711592674255,0
1608,26.306,0,0.45391711592674255,0.45391711592674255,0
1620,26.502,0,0.45391711592674255,0.45391711592674255,0
1632,26.699,0,0.45391711592674255,0.45391711592674255,0
1644,26.895,0,0.45391711592674255,0.45391711592674255,0
1656,27.091,0,0.45391711592674255,0.45391711592674255,0
1668,27.287,0,0.45391711592674255,0.45391711592674255,0
1680,27.484,0,0.45391711592674255,0.45391711592674255,0
1692,27.68,0,0.45391711592674255,0.45391711592674255,0
1704,27.876,0,0.45391711592674255,0.45391711592674255,0
1716,28.073,0,0.45391711592674255,0.45391711592674255,0
1728,28.269,0,0.45391711592674255,0.45391711592674255,0
1740,28.465,0,0.45391711592674255,0.45391711592674255,0
1752,28.662,0,0.45391711592674255,0.45391711592674255,0
1764,28.858,0,0.45391711592674255,0.45391711592674255,0
1776,29.054,0,0.45391711592674255,0.45391711592674255,0
1788,29.251,0,0.45391711592674255,0.45391711592674255,0
1800,29.447,0,0.45391711592674255,0.45391711592674255,0
1812,29.643,0,0.45391711592674255,0.45391711592674255,0
1824,29.84,0,0.45391711592674255,0.45391711592674255,0
1836,30.036,0,0.45391711592674255,0.45391711592674255,0
1848,30.232,0,0.45391711592674255,0.45391711592674255,0
1860,30.428,0,0.45391711592674255,0.45391711592674255,0
1872,30.625,0,0.45391711592674255,0.45391711592674255,0
1884,30.821,0,0.45391711592674255,0.45391711592674255,0
1896,31.017,0,0.45391711592674255,0.45391711592674255,0
1908,31.214,0,0.45391711592674255,0.45391711592674255,0
1920,31.41,0,0.45391711592674255,0.45391711592674255,0
1932,31.606,0,0.45391711592674255,0.45391711592674255,0
1944,31.803,0,0.45391711592674255,0.45391711592674255,0
1956,31.999,0,0.45391711592674255,0.45391711592674255,0
1968,32.195,0,0.45391711592674255,0.45391711592674255,0
1980,32.392,0,0.45391711592674255,0.45391711592674255,0
1992,32.588,0,0.45391711592674255,0.45391711592674255,0
2004,32.784,0,0.45391711592674255,0.45391711592674255,0
2016,32.981,0,0.45391711592674255,0.45391711592674255,0
2028,33.177,0,0.45391711592674255,0.45391711592674255,0
2040,33.373,0,0.45391711592674255,0.45391711592674255,0
2052,33.569,0,0.45391711592674255,0.45391711592674255,0
2064,33.766,0,0.45391711592674255,0.45391711592674255,0
2076,33.962,0,0.44569408893585205,0.45391711592674255,0
2088,34.158,0,0.4639626244703929,0.42924803495407104,0
2100,34.355,0,0.48223116000493366,0.508722722530365,0
2112,34.551,0,0.508722722530365,0.508722722530365,1
2124,34.747,0,0.508722722530365,0.508722722530365,1
2136,34.944,0,0.4824714461962382,0.508722722530365,0
2148,35.14,0,0.4343665341536204,0.4299688935279846,0
2160,35.336,0,0.3935401638348897,0.3644079864025116,0
2172,35.533,0,0.3604211409886678,0.386243611574173,0
2184,35.729,0,0.36767931779225665,0.33061182498931885,0
2196,35.925,0,0.34095372756322223,0.3861825168132782,0
2208,36.122,0,0.33822575211524963,0.3060668408870697,0
2220,36.318,0,0.3115205268065135,0.322427898645401,0
2232,36.514,0,0.30609772602717084,0.3060668408870697,0
2244,36.71,0,0.2952212393283844,0.28979843854904175,0
2256,36.907,0,0.28383063276608783,0.28979843854904175,0
2268,37.103,0,0.26236913601557416,0.27189502120018005,0
2280,37.299,0,0.2729114790757497,0.2254139482975006,0
2292,37.496,0,0.2428271621465683,0.3214254677295685,0
2304,37.692,0,0.22847446302572885,0.1816420704126358,0
2316,37.888,0,0.18211792409420013,0.1823558509349823,0
2328,38.085,0,0.18211792409420013,0.1823558509349823,0
2340,38.281,0,0.18339372674624124,0.1816420704126358,0
2352,38.477,0,0.18841591974099478,0.18618325889110565,0
2364,38.674,0,0.1937828262646993,0.19742242991924286,0
2376,38.87,0,0.19240072866280875,0.1977427899837494,0
2388,39.066,0,0.18727224071820578,0.18203696608543396,0
2400,39.263,0,0.21314193805058798,0.18203696608543396,0
2412,39.459,0,0.2134297639131546,0.275351881980896,0
2424,39.655,0,0.22046524286270142,0.18290044367313385,0
2436,39.851,0,0.16411236425240835,0.2031434029340744,0
2448,40.048,0,0.12638839582602182,0.10629324615001678,0
2460,40.244,0,0.0816103145480156,0.0697285383939743,0
2472,40.44,0,0.06667573750019073,0.0688091591000557,0
2484,40.637,0,0.0639293963710467,0.061489515006542206,0
2496,40.833,0,0.061489515006542206,0.061489515006542206,0
2508,41.029,0,0.061489515006542206,0.061489515006542206,0
2520,41.226,0,0.061489515006542206,0.061489515006542206,0
2532,41.422,0,0.061489515006542206,0.061489515006542206,0
2544,41.618,0,0.06677854806184769,0.061489515006542206,0
2556,41.815,0,0.07878752797842026,0.07735661417245865,0
2568,42.011,0,0.10007572670777638,0.09751645475625992,0
2580,42.207,0,0.10657583425442378,0.1253541111946106,0
2592,42.404,0,0.10307790090640385,0.09685693681240082,0
2604,42.6,0,0.09286635120709737,0.08702265471220016,0
2616,42.796,0,0.09273915241161983,0.09471946209669113,0
2628,42.993,0,0.09464597205320995,0.09647534042596817,0
2640,43.189,0,0.21575265874465308,0.09274311363697052,0
2652,43.385,0,0.3255310108264287,0.4580395221710205,0
2664,43.581,0,0.42825306455294293,0.42581039667129517,0
2676,43.778,0,0.4308314224084218,0.40090927481651306,0
2688,43.974,0,0.4494919280211131,0.4657745957374573,0
2700,44.17,0,0.4973762234052022,0.4817919135093689,0
2712,44.367,0,0.3710811634858449,0.5445621609687805,0
2724,44.563,0,0.23919863998889923,0.08688941597938538,0
2736,44.759,0,0.2376942584911982,0.0861443430185318,0
2748,44.956,0,0.38519162436326343,0.5400490164756775,0
2760,45.152,0,0.5266634424527487,0.529381513595581,1
2772,45.348,0,0.5168337027231852,0.5105597972869873,1
2784,45.545,0,0.5159062345822653,0.5105597972869873,1
2796,45.741,0,0.3892675240834554,0.526599109172821,0
2808,45.937,0,0.2531561528642972,0.13064366579055786,0
2820,46.134,0,0.11169834434986115,0.10222568362951279,0
2832,46.33,0,0.10222568362951279,0.10222568362951279,0
2844,46.526,0,0.2567509363094966,0.10222568362951279,0
2856,46.722,0,0.42716267456610996,0.5658014416694641,0
2868,46.919,0,0.5881081620852152,0.613460898399353,1
2880,47.115,0,0.5945283969243368,0.5850621461868286,1
2892,47.311,0,0.5738122264544169,0.5850621461868286,1
2904,47.508,0,0.42449170847733814,0.5513123869895935,0
2916,47.704,0,0.2734728455543518,0.13710059225559235,0
2928,47.9,0,0.29888729254404706,0.13200555741786957,0
2940,48.097,0,0.4482996811469396,0.6275557279586792,0
2952,48.293,0,0.546044260263443,0.58533775806427,1
2964,48.489,0,0.447199950615565,0.42523929476737976,0
2976,48.686,0,0.37133413553237915,0.33102279901504517,0
2988,48.882,0,0.36982815464337665,0.3577403128147125,0
3000,49.078,0,0.3906644781430562,0.4207213521003723,0
3012,49.275,0,0.47549580534299213,0.39353176951408386,0
3024,49.471,0,0.5095258057117462,0.6122342944145203,1
3036,49.667,0,0.591181218624115,0.5228113532066345,1
3048,49.863,0,0.583005428314209,0.6384980082511902,1
3060,50.06,0,0.5495243966579437,0.5877069234848022,1
3072,50.256,0,0.5030871431032816,0.42236825823783875,1
3084,50.452,0,0.5517216523488363,0.499186247587204,1
3096,50.649,0,0.6612750589847565,0.7336104512214661,1
3108,50.845,0,0.7007894118626913,0.7510284781455994,1
3120,51.041,0,0.6964361270268759,0.6177293062210083,1
3132,51.238,0,0.6714067459106445,0.7205505967140198,1
3144,51.434,0,0.6908104221026102,0.6759403347969055,1
3156,51.63,1,0.7062668402989706,0.6759403347969055,1
3168,51.827,1,0.682198723157247,0.7669198513031006,1
3180,52.023,1,0.6581306060155233,0.6037359833717346,1
3192,52.219,1,0.6269331574440002,0.6037359833717346,1
3204,52.416,1,0.6477841337521871,0.6733275055885315,1
3216,52.612,1,0.6645761926968893,0.6662889122962952,1
3228,52.808,1,0.6761115193367004,0.6541121602058411,1
3240,53.004,1,0.7079856594403585,0.7079334855079651,1
3252,53.201,1,0.747846265633901,0.7619113326072693,1
3264,53.397,1,0.747970183690389,0.7736939787864685,1
3276,53.593,0,0.7741223573684692,0.7083052396774292,1
3288,53.79,0,0.7835849126180013,0.84036785364151,1
3300,53.986,0,0.8301855127016703,0.8020816445350647,1
3312,54.182,0,0.8555698990821838,0.8481070399284363,1
3324,54.379,0,0.8801571726799011,0.9165210127830505,1
3336,54.575,1,0.8880759080251058,0.8758434653282166,1
3348,54.771,1,0.8323764403661092,0.8718632459640503,1
3360,54.968,1,0.7254975835482279,0.7494226098060608,1
3372,55.164,1,0.6199454665184021,0.5552068948745728,1
3384,55.36,1,0.5552068948745728,0.5552068948745728,1
3396,55.557,0,0.5552068948745728,0.5552068948745728,1
3408,55.753,0,0.5552068948745728,0.5552068948745728,1
3420,55.949,0,0.5552068948745728,0.5552068948745728,1
3432,56.145,0,0.5552068948745728,0.5552068948745728,1
3444,56.342,0,0.5552068948745728,0.5552068948745728,1
3456,56.538,0,0.5552068948745728,0.5552068948745728,1
3468,56.734,0,0.5552068948745728,0.5552068948745728,1
3480,56.931,0,0.5552068948745728,0.5552068948745728,1
3492,57.127,0,0.5552068948745728,0.5552068948745728,1
3504,57.323,0,0.5552068948745728,0.5552068948745728,1
3516,57.52,0,0.5552068948745728,0.5552068948745728,1
3528,57.716,0,0.5552068948745728,0.5552068948745728,1
3540,57.912,0,0.5552068948745728,0.5552068948745728,1
3552,58.109,0,0.5552068948745728,0.5552068948745728,1
3564,58.305,0,0.5552068948745728,0.5552068948745728,1
3576,58.501,0,0.5552068948745728,0.5552068948745728,1
3588,58.698,0,0.5552068948745728,0.5552068948745728,1
3600,58.894,0,0.5552068948745728,0.5552068948745728,1
3612,59.09,0,0.5552068948745728,0.5552068948745728,1
3624,59.286,0,0.5552068948745728,0.5552068948745728,1
3636,59.483,0,0.5552068948745728,0.5552068948745728,1
3648,59.679,0,0.5157755513985952,0.5552068948745728,1
3660,59.875,0,0.40995649993419647,0.43691286444664,0
3672,60.072,0,0.31854671736558277,0.23774974048137665,0
3684,60.268,0,0.4173620690902074,0.2809775471687317,0
3696,60.464,0,0.5942371487617493,0.7333589196205139,1
3708,60.661,0,0.7310348947842916,0.7683749794960022,1
3720,60.857,0,0.7062119841575623,0.6913707852363586,1
3732,61.053,0,0.7296115756034851,0.6588901877403259,1
3744,61.25,0,0.7710359295209249,0.8385737538337708,1
3756,61.446,0,0.8015297055244446,0.815643846988678,1
3768,61.642,1,0.7064646085103353,0.750371515750885,1
3780,61.839,1,0.6054584185282389,0.5533784627914429,1
3792,62.035,1,0.6139238675435384,0.5126252770423889,1
3804,62.231,1,0.7122397025426229,0.7757678627967834,1
3816,62.427,1,0.7856171329816183,0.8483259677886963,1
3828,62.624,1,0.7079232931137085,0.732757568359375,1
3840,62.82,1,0.6819241444269816,0.5426863431930542,1
3852,63.016,1,0.7073021133740743,0.7703285217285156,1
3864,63.213,1,0.7893974781036377,0.8088914752006531,1
3876,63.409,1,0.7733150323232015,0.7889724373817444,1
3888,63.605,1,0.7268335024515787,0.722081184387207,1
3900,63.802,1,0.6667534708976746,0.6694468855857849,1
3912,63.998,1,0.6216669281323751,0.6087323427200317,1
3924,64.194,1,0.6019972364107767,0.5868215560913086,1
3936,64.391,1,0.6019972364107767,0.61043781042099,1
3948,64.587,0,0.6019972364107767,0.6087323427200317,1
3960,64.783,0,0.5217152039210001,0.5868215560913086,1
3972,64.98,0,0.4860703945159912,0.36959171295166016,0
3984,65.176,0,0.4772242506345113,0.5017979145050049,0
3996,65.372,0,0.5496341983477274,0.5602831244468689,1
4008,65.568,0,0.5311260521411896,0.5868215560913086,1
4020,65.765,0,0.5298035244146982,0.44627347588539124,1
4032,65.961,0,0.5298035244146982,0.556315541267395,1
4044,66.157,0,0.549297551314036,0.5868215560913086,1
4056,66.354,0,0.4694688717524211,0.5047555565834045,0
4068,66.55,0,0.48914188146591187,0.31682950258255005,0
4080,66.746,0,0.47970787684122723,0.645840585231781,0
4092,66.943,0,0.5239235957463583,0.4764535427093506,1
4104,67.139,0,0.4674612482388814,0.4494766592979431,0
4116,67.335,0,0.4622763892014821,0.4764535427093506,0
4128,67.532,1,0.47384552160898846,0.4608989655971527,0
4140,67.728,1,0.5822495222091675,0.48418405652046204,1
4152,67.924,1,0.6843838195006052,0.8016655445098877,1
4164,68.121,1,0.7381953994433085,0.7673018574714661,1
4176,68.317,1,0.6516340772310892,0.6456187963485718,1
4188,68.513,1,0.6447022755940756,0.54198157787323,1
4200,68.709,1,0.6299699346224467,0.7465064525604248,1
4212,68.906,1,0.6740781466166178,0.6014217734336853,1
4224,69.102,1,0.5825688143571218,0.6743062138557434,1
4236,69.298,1,0.5568391382694244,0.47197845578193665,1
4248,69.495,1,0.49774716297785443,0.5242327451705933,1
4260,69.691,1,0.5743705530961355,0.4970302879810333,1
4272,69.887,1,0.5846952696641287,0.7018486261367798,1
4284,70.084,1,0.6040874719619751,0.5552068948745728,1
4296,70.28,1,0.5552068948745728,0.5552068948745728,1
4308,70.476,1,0.5552068948745728,0.5552068948745728,1
4320,70.673,1,0.5552068948745728,0.5552068948745728,1
4332,70.869,1,0.5552068948745728,0.5552068948745728,1
4344,71.065,1,0.5552068948745728,0.5552068948745728,1
4356,71.262,1,0.5552068948745728,0.5552068948745728,1
4368,71.458,1,0.5552068948745728,0.5552068948745728,1
4380,71.654,1,0.5552068948745728,0.5552068948745728,1
4392,71.85,1,0.5552068948745728,0.5552068948745728,1
4404,72.047,1,0.5552068948745728,0.5552068948745728,1
4416,72.243,1,0.5552068948745728,0.5552068948745728,1
4428,72.439,1,0.5552068948745728,0.5552068948745728,1
4440,72.636,0,0.5552068948745728,0.5552068948745728,1
4452,72.832,0,0.5552068948745728,0.5552068948745728,1
4464,73.028,0,0.5552068948745728,0.5552068948745728,1
4476,73.225,0,0.5552068948745728,0.5552068948745728,1
4488,73.421,0,0.5552068948745728,0.5552068948745728,1
4500,73.617,1,0.5552068948745728,0.5552068948745728,1
4512,73.814,1,0.5552068948745728,0.5552068948745728,1
4524,74.01,1,0.5552068948745728,0.5552068948745728,1
4536,74.206,1,0.5552068948745728,0.5552068948745728,1
4548,74.403,1,0.5552068948745728,0.5552068948745728,1
4560,74.599,1,0.5552068948745728,0.5552068948745728,1
4572,74.795,1,0.5552068948745728,0.5552068948745728,1
4584,74.991,1,0.6198308269182841,0.5552068948745728,1
4596,75.188,1,0.6710888147354126,0.7490786910057068,1
4608,75.384,1,0.7360636591911316,0.7089808583259583,1
4620,75.58,0,0.7364145716031393,0.7501314282417297,1
4632,75.777,0,0.7501314282417297,0.7501314282417297,1
4644,75.973,0,0.7501314282417297,0.7501314282417297,1
4656,76.169,0,0.7501314282417297,0.7501314282417297,1
4668,76.366,0,0.7321059505144755,0.7501314282417297,1
4680,76.562,0,0.718389093875885,0.696054995059967,1
4692,76.758,0,0.697161873181661,0.7089808583259583,1
4704,76.955,0,0.6708621581395467,0.6864497661590576,1
4716,77.151,0,0.6753327250480652,0.6171558499336243,1
4728,77.347,0,0.7005403836568197,0.7223925590515137,1
4740,77.544,0,0.7488460143407186,0.762072741985321,1
4752,77.74,0,0.7639551162719727,0.762072741985321,1
4764,77.936,0,0.771316647529602,0.7677198648452759,1
4776,78.132,0,0.7569659550984701,0.7841573357582092,1
4788,78.329,0,0.7227272590001425,0.719020664691925,1
4800,78.525,0,0.7172481020291647,0.665003776550293,1
4812,78.721,0,0.7295649647712708,0.7677198648452759,1
4824,78.918,0,0.7481175462404887,0.7559712529182434,1
4836,79.114,0,0.6932323575019836,0.7206615209579468,1
4848,79.31,0,0.5404261449972788,0.6030642986297607,1
4860,79.507,0,0.46774141987164813,0.29755261540412903,0
4872,79.703,0,0.4311521848042806,0.5026073455810547,0
4884,79.899,0,0.4459571639696757,0.4932965934276581,0
4896,80.096,0,0.38788334528605145,0.34196755290031433,0
4908,80.292,0,0.3329131106535594,0.3283858895301819,0
4920,80.488,0,0.3279059628645579,0.3283858895301819,0
4932,80.685,0,0.3375314970811208,0.32694610953330994,0
4944,80.881,0,0.3471570312976837,0.3572624921798706,0
4956,81.077,0,0.3572624921798706,0.3572624921798706,0
4968,81.273,0,0.35448237260182697,0.3572624921798706,0
4980,81.47,0,0.3563581506411235,0.34892213344573975,0
4992,81.666,0,0.3949803312619527,0.36288982629776,0
5004,81.862,0,0.4551514983177185,0.4731290340423584,0
5016,82.059,0,0.5283897519111633,0.5294356346130371,1
5028,82.255,0,0.5673550566037496,0.5826045870780945,1
5040,82.451,0,0.5454086065292358,0.5900249481201172,1
5052,82.648,1,0.6408220728238424,0.46359628438949585,1
5064,82.844,1,0.737439235051473,0.8688449859619141,1
5076,83.04,1,0.8833053112030029,0.879876434803009,1
5088,83.237,1,0.8913134733835856,0.9011945128440857,1
5100,83.433,1,0.8950013518333435,0.8928694725036621,1
5112,83.629,1,0.9061051805814108,0.8909400701522827,1
5124,83.826,1,0.7632517019907633,0.9345059990882874,1
5136,84.022,1,0.48943454027175903,0.46430903673171997,0
5148,84.218,1,0.2887065311272939,0.06948858499526978,0
5160,84.415,1,0.2606671651204427,0.33232197165489197,0
5172,84.611,1,0.5431768496831259,0.3801909387111664,1
5184,84.807,1,0.7273448208967844,0.9170176386833191,1
5196,85.003,1,0.9013696511586508,0.8848258852958679,1
5208,85.2,1,0.8949625889460245,0.9022654294967651,1
5220,85.396,1,0.8771594762802124,0.8977964520454407,1
5232,85.592,0,0.8059279918670654,0.8314165472984314,1
5244,85.789,0,0.7251693805058798,0.6885709762573242,1
5256,85.985,0,0.6607476472854614,0.6555206179618835,1
5268,86.181,0,0.5977645913759867,0.6381513476371765,1
5280,86.378,0,0.5629766782124838,0.49962180852890015,1
5292,86.574,1,0.5375290711720785,0.5511568784713745,1
5304,86.77,1,0.6165943145751953,0.5618085265159607,1
5316,86.967,1,0.6812901894251505,0.7368175387382507,1
5328,87.163,1,0.68480118115743,0.7452445030212402,1
5340,87.359,1,0.4875162293513616,0.5723415017127991,0
5352,87.556,1,0.39531309902668,0.14496268332004547,0
5364,87.752,1,0.3933999886115392,0.46863511204719543,0
5376,87.948,1,0.49346919854482013,0.5666021704673767,0
5388,88.144,1,0.4510333339373271,0.4451703131198883,0
5400,88.341,1,0.461897611618042,0.3413275182247162,0
5412,88.537,0,0.5958877305189768,0.5991950035095215,1
5424,88.733,0,0.614235500494639,0.8471406698226929,1
5436,88.93,0,0.5287868479887644,0.3963708281517029,1
5448,89.126,0,0.5214433173338572,0.3428490459918976,1
5460,89.322,0,0.6655132075150808,0.8251100778579712,1
5472,89.519,0,0.8158687750498453,0.8285804986953735,1
5484,89.715,0,0.7406159043312073,0.7939157485961914,1
5496,89.911,0,0.6694270173708597,0.5993514657020569,1
5508,90.108,0,0.6407733162244161,0.615013837814331,1
5520,90.304,0,0.6705256303151449,0.7079546451568604,1
5532,90.5,0,0.6073366900285085,0.6886084079742432,1
5544,90.697,0,0.42019225160280865,0.425447016954422,0
5556,90.893,0,0.2797466615835826,0.14652132987976074,0
5568,91.089,0,0.21263480683167776,0.26727163791656494,0
5580,91.285,0,0.23043802877267203,0.22411145269870758,0
5592,91.482,0,0.22205400466918945,0.19993099570274353,0
5604,91.678,0,0.30631397664546967,0.24211956560611725,0
5616,91.874,0,0.34959254165490466,0.4768913686275482,0
5628,92.071,0,0.45126856366793316,0.3297666907310486,0
5640,92.267,0,0.4746873180071513,0.5471476316452026,0
5652,92.463,0,0.44263219833374023,0.5471476316452026,0
5664,92.66,0,0.5121712485949198,0.23360133171081543,1
5676,92.856,0,0.5887443820635477,0.7557647824287415,1
5688,93.052,0,0.7390242417653402,0.7768670320510864,1
5700,93.249,0,0.5635529110829035,0.6844409108161926,1
5712,93.445,0,0.34728242456912994,0.22935079038143158,0
5724,93.641,0,0.1513612593213717,0.12805557250976562,0
5736,93.838,0,0.14466958989699683,0.09667741507291794,0
5748,94.034,0,0.3620567296942075,0.20927578210830688,0
5760,94.23,0,0.48139530420303345,0.7802169919013977,0
5772,94.426,0,0.5674403707186381,0.45469313859939575,1
5784,94.623,1,0.5659732222557068,0.46741098165512085,1
5796,94.819,1,0.45422566185394925,0.7758155465126038,0
5808,95.015,1,0.31027408813436824,0.11945045739412308,0
5820,95.212,1,0.25665223971009254,0.035556260496377945,0
5832,95.408,1,0.37930355593562126,0.6149500012397766,0
5844,95.604,1,0.5667055050532023,0.48740440607070923,1
5856,95.801,1,0.40001645932594937,0.5977621078491211,0
5868,95.997,1,0.2622476841012637,0.11488286405801773,0
5880,96.193,1,0.09234121193488438,0.07409808039665222,0
5892,96.39,1,0.0842179258664449,0.08804269134998322,0
5904,96.586,1,0.08973028014103572,0.09051300585269928,0
5916,96.782,1,0.12116270512342453,0.09063514322042465,0
5928,96.979,1,0.22577179223299026,0.18233996629714966,0
5940,97.175,1,0.3523172040780385,0.4043402671813965,0
5952,97.371,1,0.3430369794368744,0.47027137875556946,0
5964,97.567,1,0.3524239857991536,0.15449929237365723,0
5976,97.764,1,0.33758001526196796,0.43250128626823425,0
5988,97.96,1,0.5169215500354767,0.42573946714401245,1
6000,98.156,1,0.5956626534461975,0.6925238966941833,1
6012,98.353,1,0.6844677329063416,0.6687245965003967,1
6024,98.549,1,0.6918197870254517,0.6921547055244446,1
6036,98.745,1,0.7328134179115295,0.7145800590515137,1
6048,98.942,1,0.7637852827707926,0.7917054891586304,1
6060,99.138,1,0.7588390707969666,0.7850703001022339,1
6072,99.334,1,0.7420852581659952,0.6997414231300354,1
6084,99.531,0,0.7324945330619812,0.7414440512657166,1
6096,99.727,0,0.7454568147659302,0.7562981247901917,1
6108,99.923,0,0.7393393119176229,0.7386282682418823,1
6120,100.12,0,0.7381914059321085,0.7230915427207947,1
6132,100.316,0,0.7596209645271301,0.7528544068336487,1
6144,100.512,0,0.775769849618276,0.802916944026947,1
6156,100.708,0,0.758156935373942,0.7715381979942322,1
6168,100.905,0,0.7281491160392761,0.700015664100647,1
6180,101.101,0,0.7124311327934265,0.7128934860229492,1
6192,101.297,0,0.7089213927586874,0.7243842482566833,1
6204,101.494,0,0.7036325136820475,0.6894864439964294,1
6216,101.69,0,0.704975406328837,0.6970268487930298,1
6228,101.886,0,0.7168981035550436,0.728412926197052,1
6240,102.083,0,0.720522403717041,0.7252545356750488,1
6252,102.279,0,0.7209444840749105,0.7078997492790222,1
6264,102.475,0,0.7224193612734476,0.7296791672706604,1
6276,102.672,0,0.7238863706588745,0.7296791672706604,1
6288,102.868,0,0.7012103796005249,0.7123007774353027,1
6300,103.064,0,0.6750434835751852,0.6616511940956116,1
6312,103.261,0,0.664667805035909,0.6511784791946411,1
6324,103.457,0,0.6290424863497416,0.6811737418174744,1
6336,103.653,0,0.6140381097793579,0.5547752380371094,1
6348,103.849,0,0.47792620460192364,0.60616534948349,0
6360,104.046,0,0.5001323521137238,0.2728380262851715,1
6372,104.242,0,0.5419897536436716,0.6213936805725098,1
6384,104.438,0,0.6250888705253601,0.7317375540733337,1
6396,104.635,0,0.5896095236142477,0.5221353769302368,1
6408,104.831,0,0.5480651458104452,0.5149556398391724,1
6420,105.027,0,0.6007867654164633,0.6071044206619263,1
6432,105.224,0,0.5773974657058716,0.680300235748291,1
6444,105.42,0,0.5525309046109518,0.44478774070739746,1
6456,105.616,0,0.4943208694458008,0.5325047373771667,0
6468,105.813,0,0.5110392769177755,0.5056701302528381,1
6480,106.009,0,0.46787725885709125,0.49494296312332153,0
6492,106.205,0,0.5441666543483734,0.40301868319511414,1
6504,106.402,0,0.6562099357446035,0.7345383167266846,1
6516,106.598,0,0.8060602347056071,0.8310728073120117,1
6528,106.794,0,0.8426591157913208,0.852569580078125,1
6540,106.99,0,0.8450126647949219,0.8443349599838257,1
6552,107.187,0,0.8040779034296671,0.8381334543228149,1
6564,107.383,0,0.7658880154291788,0.7297652959823608,1
6576,107.579,0,0.7253861824671427,0.7297652959823608,1
6588,107.776,0,0.7117473085721334,0.7166279554367065,1
6600,107.972,0,0.718771239121755,0.6888486742973328,1
6612,108.168,0,0.7033997575441996,0.7508370876312256,1
6624,108.365,0,0.6776348948478699,0.6705135107040405,1
6636,108.561,0,0.5792706310749054,0.6115540862083435,1
6648,108.757,0,0.5406481325626373,0.45574429631233215,1
6660,108.954,0,0.5778788228829702,0.5546460151672363,1
6672,109.15,0,0.6956849694252014,0.723246157169342,1
6684,109.346,0,0.7947102387746176,0.8091627359390259,1
6696,109.543,0,0.829674502213796,0.8517218232154846,1
6708,109.739,0,0.7846416234970093,0.8281389474868774,1
6720,109.935,0,0.721368134021759,0.6740640997886658,1
6732,110.131,0,0.6364820996920267,0.6619013547897339,1
6744,110.328,0,0.6332785487174988,0.5734808444976807,1
6756,110.524,0,0.5852979024251302,0.6644534468650818,1
6768,110.72,0,0.5600060919920603,0.5179594159126282,1
6780,110.917,0,0.5836161275704702,0.49760541319847107,1
6792,111.113,0,0.6556674540042877,0.7352835536003113,1
6804,111.309,0,0.730125904083252,0.7341133952140808,1
6816,111.506,0,0.7431242068608602,0.7209807634353638,1
6828,111.702,0,0.7570229570070902,0.774278461933136,1
6840,111.898,0,0.7393980622291565,0.775809645652771,1
6852,112.095,0,0.698422392209371,0.6681060791015625,1
6864,112.291,0,0.7296154697736105,0.6513514518737793,1
6876,112.487,0,0.7955737511316935,0.8693888783454895,1
6888,112.684,0,0.8552624781926473,0.8659809231758118,1
6900,112.88,0,0.8453147610028585,0.8304176330566406,1
6912,113.076,0,0.8231416940689087,0.839545726776123,1
6924,113.272,0,0.8244085311889648,0.7994617223739624,1
6936,113.469,0,0.8106445471445719,0.8342181444168091,1
6948,113.665,0,0.8078423142433167,0.7982537746429443,1
6960,113.861,0,0.7668815851211548,0.7910550236701965,1
6972,114.058,0,0.7379089792569479,0.7113359570503235,1
6984,114.254,0,0.6409678856531779,0.7113359570503235,1
6996,114.45,0,0.5884056886037191,0.5002317428588867,1
7008,114.647,0,0.4748093585173289,0.553649365901947,0
7020,114.843,0,0.4437120159467061,0.37054696679115295,0
7032,115.039,0,0.4165230691432953,0.40693971514701843,0
7044,115.236,0,0.4490809937318166,0.4720825254917145,0
7056,115.432,0,0.5161018570264181,0.4682207405567169,1
7068,115.628,0,0.5566230316956838,0.6080023050308228,1
7080,115.825,0,0.5728140672047933,0.5936460494995117,1
7092,116.021,0,0.5374452471733093,0.5167938470840454,1
7104,116.217,0,0.48599135875701904,0.5018958449363708,0
7116,116.413,0,0.49128609895706177,0.43928438425064087,0
7128,116.61,1,0.5416313211123148,0.5326780676841736,1
7140,116.806,1,0.6112061738967896,0.6529315114021301,1
7152,117.002,1,0.6737163662910461,0.6480089426040649,1
7164,117.199,1,0.7028659780820211,0.7202086448669434,1
7176,117.395,1,0.7538344462712606,0.7403803467750549,1
7188,117.591,0,0.7497910857200623,0.8009143471717834,1
7200,117.788,0,0.76323934396108,0.7080785632133484,1
7212,117.984,0,0.7441491484642029,0.7807251214981079,1
7224,118.18,0,0.7455101410547892,0.7436437606811523,1
7236,118.377,0,0.719614843527476,0.7121615409851074,1
7248,118.573,1,0.6984887719154358,0.7030392289161682,1
7260,118.769,1,0.6992718378702799,0.6802655458450317,1
7272,118.966,1,0.7227370937665304,0.7145107388496399,1
7284,119.162,1,0.7611886660257975,0.7734349966049194,1
7296,119.358,1,0.7858254512151083,0.7956202626228333,1
7308,119.554,0,0.7908208171526591,0.788421094417572,1
7320,119.751,0,0.788421094417572,0.788421094417572,1
7332,119.947,0,0.6391182740529379,0.788421094417572,1
7344,120.143,0,0.4843307137489319,0.34051263332366943,0
7356,120.34,0,0.3317640821139018,0.3240584135055542,0
7368,120.536,0,0.3409818808237712,0.3307211995124817,0
7380,120.732,0,0.37327035268147785,0.3681660294532776,0
7392,120.929,0,0.39787490169207257,0.4209238290786743,0
7404,121.125,0,0.5079318185647329,0.40453484654426575,1
7416,121.321,0,0.6041882733503977,0.6983367800712585,1
7428,121.518,1,0.6919375658035278,0.709693193435669,1
7440,121.714,1,0.6969223618507385,0.667782723903656,1
7452,121.91,1,0.6920949419339498,0.7132911682128906,1
7464,122.107,1,0.6983760197957357,0.6952109336853027,1
7476,122.303,1,0.7219980756441752,0.6866259574890137,1
7488,122.499,1,0.7189679344495138,0.7841573357582092,1
7500,122.695,1,0.711895485719045,0.6861205101013184,1
7512,122.892,1,0.6798300345738729,0.6654086112976074,1
7524,123.088,1,0.6941335399945577,0.6879609823226929,1
7536,123.284,1,0.5866317649682363,0.7290310263633728,1
7548,123.481,1,0.5231852531433105,0.3429032862186432,1
7560,123.677,0,0.5031624237696329,0.49762144684791565,1
7572,123.873,0,0.622866819302241,0.6689625382423401,1
7584,124.07,0,0.7127306461334229,0.7020164728164673,1
7596,124.266,0,0.7470458149909973,0.7672129273414612,1
7608,124.462,0,0.715872585773468,0.7719080448150635,1
7620,124.659,1,0.721520721912384,0.6084967851638794,1
7632,124.855,1,0.7416502038637797,0.7841573357582092,1
7644,125.051,1,0.8170276085535685,0.8322964906692505,1
7656,125.248,1,0.8158231178919474,0.8346289992332458,1
7668,125.444,1,0.822883407274882,0.780543863773346,1
7680,125.64,1,0.8199925422668457,0.8534773588180542,1
7692,125.837,1,0.7810748418172201,0.825956404209137,1
7704,126.033,1,0.7240259448687235,0.663790762424469,1
7716,126.229,1,0.6554375886917114,0.6823306679725647,1
7728,126.425,1,0.6819096803665161,0.6201913356781006,1
7740,126.622,0,0.6864642302195231,0.7432070374488831,1
7752,126.818,0,0.7238961060841879,0.6959943175315857,1
7764,127.014,0,0.7333910862604777,0.7324869632720947,1
7776,127.211,0,0.750227709611257,0.7716919779777527,1
7788,127.407,0,0.7680593530337015,0.7465041875839233,1
7800,127.603,1,0.7420335610707601,0.7859818935394287,1
7812,127.8,1,0.7373611529668173,0.6936146020889282,1
7824,127.996,1,0.7195295095443726,0.7324869632720947,1
7836,128.192,1,0.7157247066497803,0.7324869632720947,1
7848,128.389,1,0.6978075504302979,0.6822001934051514,1
7860,128.585,1,0.6734299063682556,0.6787354946136475,1
7872,128.781,1,0.6841129859288534,0.659354031085968,1
7884,128.978,1,0.6929348905881246,0.7142494320869446,1
7896,129.174,1,0.726099451382955,0.7052012085914612,1
7908,129.37,1,0.7212954958279928,0.758847713470459,1
7920,129.566,0,0.7037899692853292,0.6998375654220581,1
7932,129.763,0,0.6839195887247721,0.6526846289634705,1
7944,129.959,0,0.6416160066922506,0.6992365717887878,1
7956,130.155,0,0.6462981303532919,0.5729268193244934,1
7968,130.352,0,0.6705219546953837,0.6667309999465942,1
7980,130.548,0,0.7162031332651774,0.7719080448150635,1
7992,130.744,0,0.7357658743858337,0.7099703550338745,1
8004,130.941,0,0.698671301205953,0.7254192233085632,1
8016,131.137,0,0.7100761930147806,0.6606243252754211,1
8028,131.333,0,0.6926142573356628,0.7441850304603577,1
8040,131.53,0,0.7066943248112997,0.6730334162712097,1
8052,131.726,0,0.6788407564163208,0.7028645277023315,1
8064,131.922,0,0.6518750190734863,0.6606243252754211,1
8076,132.119,0,0.624501903851827,0.5921362042427063,1
8088,132.315,0,0.5935713450113932,0.6207451820373535,1
8100,132.511,0,0.5593811670939127,0.5678326487541199,1
8112,132.707,0,0.47718684871991474,0.4895656704902649,0
8124,132.904,0,0.4604202210903168,0.3741622269153595,0
8136,133.1,0,0.5161770681540171,0.5175327658653259,1
8148,133.296,0,0.6104017297426859,0.656836211681366,1
8160,133.493,0,0.6489686767260233,0.656836211681366,1
8172,133.689,0,0.6489686767260233,0.6332336068153381,1
8184,133.885,0,0.6489686767260233,0.656836211681366,1
8196,134.082,0,0.6489686767260233,0.656836211681366,1
8208,134.278,0,0.6489686767260233,0.6332336068153381,1
8220,134.474,0,0.6530107855796814,0.656836211681366,1
8232,134.671,0,0.6608668565750122,0.6689625382423401,1
8244,134.867,0,0.6196782986323038,0.6568018198013306,1
8256,135.063,0,0.5744476318359375,0.533270537853241,1
8268,135.26,0,0.533270537853241,0.533270537853241,1
8280,135.456,0,0.533270537853241,0.533270537853241,1
8292,135.652,0,0.5352350870768229,0.533270537853241,1
8304,135.848,0,0.5371996363004049,0.5391641855239868,1
8316,136.045,0,0.5391641855239868,0.5391641855239868,1
8328,136.241,0,0.5425584316253662,0.5391641855239868,1
8340,136.437,0,0.5405489603678385,0.549346923828125,1
8352,136.634,1,0.5344099203745524,0.5331357717514038,1
8364,136.83,1,0.5344099203745524,0.5207470655441284,1
8376,137.026,1,0.5398136377334595,0.549346923828125,1
8388,137.223,1,0.549346923828125,0.549346923828125,1
8400,137.419,1,0.549346923828125,0.549346923828125,1
8412,137.615,1,0.5328265726566315,0.549346923828125,1
8424,137.812,1,0.5209483007589976,0.4997858703136444,1
8436,138.008,1,0.511415014664332,0.5137121081352234,1
8448,138.204,1,0.51840207974116,0.5207470655441284,1
8460,138.401,1,0.5207470655441284,0.5207470655441284,1
8472,138.597,1,0.5207470655441284,0.5207470655441284,1
8484,138.793,1,0.5207470655441284,0.5207470655441284,1
8496,138.989,1,0.5207470655441284,0.5207470655441284,1
8508,139.186,1,0.5207470655441284,0.5207470655441284,1
8520,139.382,1,0.5249215563138326,0.5207470655441284,1
8532,139.578,1,0.5290960470835367,0.533270537853241,1
8544,139.775,1,0.533270537853241,0.533270537853241,1
8556,139.971,1,0.5664449532826742,0.533270537853241,1
8568,140.167,1,0.47087273995081586,0.6327937841415405,0
8580,140.364,1,0.37718849380811054,0.24655389785766602,0
8592,140.56,1,0.37335384885470074,0.2522177994251251,0
8604,140.756,1,0.499846210082372,0.621289849281311,1
8616,140.953,1,0.6281808416048685,0.6260309815406799,1
8628,141.149,1,0.6405965884526571,0.6372216939926147,1
8640,141.345,1,0.6514319578806559,0.6585370898246765,1
8652,141.542,1,0.6424869100252787,0.6585370898246765,1
8664,141.738,1,0.6518911719322205,0.6103865504264832,1
8676,141.934,1,0.5509216487407684,0.6867498755455017,1
8688,142.13,1,0.5457178254922231,0.35562852025032043,1
8700,142.327,1,0.5495801270008087,0.5947750806808472,1
8712,142.523,1,0.6653433243433634,0.6983367800712585,1
8724,142.719,1,0.7246313889821371,0.7029181122779846,1
8736,142.916,1,0.7475442687670389,0.772639274597168,1
8748,143.112,1,0.7612251242001852,0.7670754194259644,1
8760,143.308,1,0.6571749548117319,0.7439606785774231,1
8772,143.505,1,0.6308566431204478,0.46048876643180847,1
8784,143.701,1,0.49777700503667194,0.6881204843521118,1
8796,143.897,1,0.4514528413613637,0.3447217643260956,0
8808,144.094,1,0.4117077688376109,0.3215162754058838,0
8820,144.29,1,0.47794657945632935,0.5688852667808533,0
8832,144.486,1,0.5459684332211813,0.543438196182251,1
8844,144.683,0,0.5241049726804098,0.5255818367004395,1
8856,144.879,0,0.5808481176694235,0.5032948851585388,1
8868,145.075,0,0.6204070250193278,0.713667631149292,1
8880,145.271,0,0.6347894668579102,0.6442585587501526,1
8892,145.468,0,0.6030277212460836,0.5464422106742859,1
8904,145.664,1,0.5399888753890991,0.6183823943138123,1
8916,145.86,1,0.495104322830836,0.4551420211791992,0
8928,146.057,1,0.4264677166938782,0.41178855299949646,0
8940,146.253,1,0.39628463983535767,0.41247257590293884,0
8952,146.449,1,0.5564881265163422,0.3645927906036377,1
8964,146.646,1,0.7156158288319906,0.89239901304245,1
8976,146.842,1,0.8923853437105814,0.889855682849884,1
8988,147.038,1,0.8170171777407328,0.8949013352394104,1
9000,147.235,1,0.7182464599609375,0.666294515132904,1
9012,147.431,1,0.6081519722938538,0.593543529510498,1
9024,147.627,0,0.5673905809720358,0.5646178722381592,1
9036,147.824,0,0.46770647168159485,0.54401034116745,0
9048,148.02,0,0.3986159364382426,0.2944912016391754,0
9060,148.216,0,0.33534958958625793,0.3573462665081024,0
9072,148.412,0,0.3684697051843007,0.35421130061149597,0
9084,148.609,0,0.3807154794534047,0.39385154843330383,0
9096,148.805,0,0.3703797062238057,0.39408358931541443,0
9108,149.001,0,0.3534853955109914,0.323203980922699,0
9120,149.198,0,0.36926692724227905,0.34316861629486084,0
9132,149.394,0,0.3922349313894908,0.44142818450927734,0
9144,149.59,0,0.4166295826435089,0.3921079933643341,0
9156,149.787,0,0.5100615521272024,0.4163525700569153,1
9168,149.983,0,0.5352725783983866,0.7217240929603577,1
9180,150.179,0,0.5461841921011606,0.46774107217788696,1
9192,150.376,0,0.46689167618751526,0.4490874111652374,0
9204,150.572,0,0.4785616497198741,0.4838465452194214,0
9216,150.768,0,0.4833251436551412,0.5027509927749634,0
9228,150.965,0,0.4619619846343994,0.4633778929710388,0
9240,151.161,0,0.4342973430951436,0.41975706815719604,0
9252,151.357,0,0.4040267765522003,0.41975706815719604,0
9264,151.553,0,0.40566251675287884,0.37256619334220886,0
9276,151.75,0,0.48284711440404254,0.42466428875923157,0
9288,151.946,0,0.6149349311987559,0.6513108611106873,1
9300,152.142,0,0.6992669502894083,0.7688296437263489,1
9312,152.339,0,0.7128197550773621,0.677660346031189,1
9324,152.535,0,0.6089350879192352,0.6919692754745483,1
9336,152.731,0,0.6103333930174509,0.4571756422519684,1
9348,152.928,0,0.5539426902929941,0.6818552613258362,1
9360,153.124,0,0.5934347709019979,0.522797167301178,1
9372,153.32,0,0.5543215076128641,0.5756518840789795,1
9384,153.517,0,0.5794300039609274,0.5645154714584351,1
9396,153.713,0,0.574105421702067,0.5981226563453674,1
9408,153.909,0,0.5601993203163147,0.5596781373023987,1
9420,154.106,0,0.521196037530899,0.522797167301178,1
9432,154.302,0,0.5301454563935598,0.4811128079891205,1
9444,154.498,0,0.515527218580246,0.5865263938903809,1
9456,154.694,0,0.5184603134791056,0.4789424538612366,1
9468,154.891,0,0.4946661392847697,0.48991209268569946,0
9480,155.087,0,0.4919678270816803,0.515143871307373,0
9492,155.283,0,0.4881600538889567,0.4708475172519684,0
9504,155.48,0,0.47300098339716595,0.4784887731075287,0
9516,155.676,0,0.48068946599960327,0.46966665983200073,0
9528,155.872,0,0.4858308633168538,0.4939129650592804,0
9540,156.069,0,0.4888848662376404,0.4939129650592804,0
9552,156.265,0,0.4988972842693329,0.47882866859436035,1
9564,156.461,0,0.5026838382085165,0.5239502191543579,1
9576,156.658,0,0.5026838382085165,0.505272626876831,1
9588,156.854,0,0.4876433213551839,0.47882866859436035,0
9600,157.05,0,0.47882866859436035,0.47882866859436035,0
9612,157.247,0,0.4708169500033061,0.47882866859436035,0
9624,157.443,0,0.46402623256047565,0.4547935128211975,0
9636,157.639,0,0.44532914956410724,0.45845651626586914,0
9648,157.835,0,0.43799735109011334,0.4227374196052551,0
9660,158.032,0,0.4099103808403015,0.4327981173992157,0
9672,158.228,0,0.4008144934972127,0.3741956055164337,0
9684,158.424,0,0.411484827597936,0.39544975757598877,0
9696,158.621,0,0.41532161831855774,0.4648091197013855,0
9708,158.817,0,0.42137062549591064,0.38570597767829895,0
9720,159.013,0,0.4173392653465271,0.4135967791080475,0
9732,159.21,0,0.4465947945912679,0.45271503925323486,0
9744,159.406,0,0.4774302542209625,0.47347256541252136,0
9756,159.602,0,0.4560863176981608,0.5061031579971313,0
9768,159.799,0,0.4744151135285695,0.3886832296848297,0
9780,159.995,0,0.40231995781262714,0.5284589529037476,0
9792,160.191,0,0.39488764603932697,0.2898176908493042,0
9804,160.388,0,0.3089819649855296,0.3663862943649292,0
9816,160.584,0,0.3049893875916799,0.27074190974235535,0
9828,160.78,0,0.26932190855344135,0.2778399586677551,0
9840,160.976,0,0.26245854298273724,0.2593838572502136,0
9852,161.173,0,0.2674507995446523,0.2501518130302429,0
9864,161.369,0,0.2674514055252075,0.29281672835350037,0
9876,161.565,0,0.30386226375897724,0.2593856751918793,0
9888,161.762,0,0.30742979049682617,0.3593843877315521,0
9900,161.958,0,0.3121555248896281,0.3035193085670471,0
9912,162.154,0,0.32037025690078735,0.27356287837028503,0
9924,162.351,0,0.311759094397227,0.3840285837650299,0
9936,162.547,0,0.472821980714798,0.27768582105636597,0
9948,162.743,0,0.4384043614069621,0.756751537322998,0
9960,162.94,0,0.5852585434913635,0.2807757258415222,1
9972,163.136,0,0.5387789607048035,0.7182483673095703,1
9984,163.332,0,0.6793525616327921,0.6173127889633179,1
9996,163.529,0,0.5349601705869039,0.7024965286254883,1
10008,163.725,0,0.4393751422564189,0.2850711941719055,0
10020,163.921,0,0.299024631579717,0.3305577039718628,0
10032,164.118,0,0.29142147302627563,0.2814449965953827,0
10044,164.314,0,0.3994201024373372,0.2622617185115814,0
10056,164.51,0,0.38886135816574097,0.6545535922050476,0
10068,164.706,0,0.38469703992207843,0.24976876378059387,0
10080,164.903,0,0.33038727442423504,0.24976876378059387,0
10092,165.099,0,0.41100578506787616,0.49162429571151733,0
10104,165.295,0,0.47916213671366376,0.49162429571151733,0
10116,165.492,0,0.4666999777158101,0.45423781871795654,0
10128,165.688,0,0.45423781871795654,0.45423781871795654,0
10140,165.884,0,0.45423781871795654,0.45423781871795654,0
10152,166.081,0,0.45423781871795654,0.45423781871795654,0
10164,166.277,0,0.45423781871795654,0.45423781871795654,0
10176,166.473,0,0.45423781871795654,0.45423781871795654,0
10188,166.67,0,0.45423781871795654,0.45423781871795654,0
10200,166.866,0,0.45423781871795654,0.45423781871795654,0
10212,167.062,0,0.45423781871795654,0.45423781871795654,0
10224,167.259,0,0.45423781871795654,0.45423781871795654,0
10236,167.455,0,0.45423781871795654,0.45423781871795654,0
10248,167.651,0,0.45423781871795654,0.45423781871795654,0
10260,167.847,0,0.45423781871795654,0.45423781871795654,0
10272,168.044,0,0.45423781871795654,0.45423781871795654,0
10284,168.24,0,0.4805371363957723,0.45423781871795654,0
10296,168.436,0,0.5004958510398865,0.5331357717514038,1
10308,168.633,0,0.5204545656840006,0.5141139626502991,1
10320,168.829,0,0.5141139626502991,0.5141139626502991,1
10332,169.025,0,0.5141139626502991,0.5141139626502991,1
10344,169.222,0,0.5141139626502991,0.5141139626502991,1
10356,169.418,0,0.4941552480061849,0.5141139626502991,0
10368,169.614,0,0.47419653336207074,0.45423781871795654,0
10380,169.811,0,0.3397614285349846,0.45423781871795654,0
10392,170.007,0,0.23040330161650976,0.11080864816904068,0
10404,170.203,0,0.12363353619972865,0.12616343796253204,0
10416,170.4,0,0.12635264048973718,0.13392852246761322,0
10428,170.596,0,0.14304179201523462,0.11896596103906631,0
10440,170.792,0,0.1422507887085279,0.17623089253902435,0
10452,170.988,0,0.14069048315286636,0.13155551254749298,0
10464,171.185,0,0.1313153381148974,0.11428504437208176,0
10476,171.381,0,0.224353256324927,0.1481054574251175,0
10488,171.577,0,0.2382296472787857,0.4106692671775818,0
10500,171.774,0,0.2262278919418653,0.15591421723365784,0
10512,171.97,0,0.11768332372109096,0.11210019141435623,0
10524,172.166,0,0.09286360690991084,0.08503556251525879,0
10536,172.363,0,0.08264856537183125,0.08145506680011749,0
10548,172.559,0,0.08145506680011749,0.08145506680011749,0
10560,172.755,0,0.08423144370317459,0.08145506680011749,0
10572,172.952,0,0.08749615401029587,0.08978419750928879,0
10584,173.148,0,0.09388747811317444,0.09124919772148132,0
10596,173.344,0,0.10009512305259705,0.1006290391087532,0
10608,173.541,0,0.10099932303031285,0.10840713232755661,0
10620,173.737,0,0.10028127332528432,0.09396179765462875,0
10632,173.933,0,0.09781460464000702,0.0984748899936676,0
10644,174.129,0,0.10094761351744334,0.1010071262717247,0
10656,174.326,0,0.09754922737677892,0.10336082428693771,0
10668,174.522,0,0.09318928668896358,0.08827973157167435,0
10680,174.718,0,0.08593085904916127,0.08792730420827866,0
10692,174.915,0,0.081460935374101,0.08158554136753082,0
10704,175.111,0,0.08551201969385147,0.07486996054649353,0
10716,175.307,0,0.09083087742328644,0.10008055716753006,0
10728,175.504,0,0.0942467600107193,0.09754211455583572,0
10740,175.7,0,0.0933925708134969,0.08511760830879211,0
10752,175.896,0,0.09338452915350597,0.09751798957586288,0
10764,176.093,0,0.0980729137857755,0.09751798957586288,0
10776,176.289,0,0.09062489370505016,0.09918276220560074,0
10788,176.485,0,0.08528291434049606,0.07517392933368683,0
10800,176.682,0,0.0779852643609047,0.08149205148220062,0
10812,176.878,0,0.07765574008226395,0.07728981226682663,0
10824,177.074,0,0.09017577022314072,0.07418535649776459,0
10836,177.27,0,0.11472448706626892,0.11905214190483093,0
10848,177.467,0,0.12530528008937836,0.15093596279621124,0
10860,177.663,0,0.1278294026851654,0.1059277355670929,0
10872,177.859,0,0.11357173571983974,0.12662450969219208,0
10884,178.056,0,0.11535335332155228,0.10816296190023422,0
10896,178.252,0,0.10958382238944371,0.11127258837223053,0
10908,178.448,0,0.11469779163599014,0.1093159168958664,0
10920,178.645,0,0.1121372530857722,0.1235048696398735,0
10932,178.841,0,0.11855010191599528,0.10359097272157669,0
10944,179.037,0,0.12023329983154933,0.12855446338653564,0
10956,179.234,0,0.12330639113982518,0.12855446338653564,0
10968,179.43,0,0.11646731694539388,0.11281024664640427,0
10980,179.626,0,0.12607734402020773,0.10803724080324173,0
10992,179.823,0,0.16519762327273688,0.15738454461097717,0
11004,180.019,0,0.21419787406921387,0.2301710844039917,0
11016,180.215,0,0.25325286388397217,0.25503799319267273,0
11028,180.411,0,0.2769727011521657,0.2745495140552521,0
11040,180.608,0,0.2731490929921468,0.3013305962085724,0
11052,180.804,0,0.26282164454460144,0.24356716871261597,0
11064,181.0,0,0.25216975808143616,0.24356716871261597,0
11076,181.197,0,0.2624972065289815,0.26937493681907654,0
11088,181.393,0,0.26411299407482147,0.2745495140552521,0
11100,181.589,0,0.26133015255133313,0.2484145313501358,0
11112,181.786,0,0.26057890554269153,0.26102641224861145,0
11124,181.982,0,0.2638032138347626,0.2722957730293274,0
11136,182.178,0,0.26282356182734173,0.2580874562263489,0
11148,182.375,0,0.2611648142337799,0.2580874562263489,0
11160,182.571,0,0.26225393017133075,0.26731953024864197,0
11172,182.767,0,0.26378844181696576,0.26135480403900146,0
11184,182.964,0,0.26306458314259845,0.2626909911632538,0
11196,183.16,0,0.2524433632691701,0.26514795422554016,0
11208,183.356,0,0.25473372141520184,0.22949114441871643,0
11220,183.552,0,0.25136373440424603,0.2695620656013489,0
11232,183.749,0,0.2682088613510132,0.25503799319267273,0
11244,183.945,0,0.2838244140148163,0.28002652525901794,0
11256,184.141,0,0.30579982201258343,0.3164087235927582,0
11268,184.338,0,0.3194457193215688,0.3209642171859741,0
11280,184.534,0,0.31037940581639606,0.3209642171859741,0
11292,184.73,0,0.31991468866666156,0.28920978307724,0
11304,184.927,0,0.29604210952917737,0.34957006573677063,0
11316,185.123,0,0.2827543417612712,0.24934647977352142,0
11328,185.319,0,0.24934647977352142,0.24934647977352142,0
11340,185.516,0,0.2511245210965474,0.24934647977352142,0
11352,185.712,0,0.25121109187602997,0.2546806037425995,0
11364,185.908,0,0.2603953282038371,0.249606192111969,0
11376,186.105,0,0.24975976844628653,0.27689918875694275,0
11388,186.301,0,0.23423145711421967,0.22277392446994781,0
11400,186.497,0,0.22185646494229636,0.20302125811576843,0
11412,186.693,0,0.21498796343803406,0.2397742122411728,0
11424,186.89,0,0.21470368405183157,0.20216841995716095,0
11436,187.086,0,0.20216841995716095,0.20216841995716095,0
11448,187.282,0,0.2030464013417562,0.20216841995716095,0
11460,187.479,0,0.2039243827263514,0.20480236411094666,0
11472,187.675,0,0.2039839526017507,0.20480236411094666,0
11484,187.871,0,0.20821497837702432,0.20234712958335876,0
11496,188.068,0,0.22562541564305624,0.21749544143676758,0
11508,188.264,0,0.3473641773064931,0.25703367590904236,0
11520,188.46,0,0.3596254289150238,0.5675634145736694,0
11532,188.657,1,0.36663520336151123,0.2542791962623596,0
11544,188.853,1,0.2613609532515208,0.27806299924850464,0
11556,189.049,1,0.24427497386932373,0.2517406642436981,0
11568,189.246,1,0.21926106015841165,0.20302125811576843,0
11580,189.442,1,0.2083676258722941,0.20302125811576843,0
11592,189.638,0,0.2137139936288198,0.21906036138534546,0
11604,189.834,0,0.32481153806050617,0.21906036138534546,0
11616,190.031,0,0.4043072859446208,0.5363138914108276,0
11628,190.227,0,0.4735950032869975,0.4575476050376892,0
11640,190.423,0,0.4302913149197896,0.4269235134124756,0
11652,190.62,0,0.4184352457523346,0.4064028263092041,0
11664,190.816,0,0.3752243022123973,0.4219793975353241,0
11676,191.012,0,0.3448325792948405,0.2972906827926636,0
11688,191.209,0,0.32790327072143555,0.3152276575565338,0
11700,191.405,0,0.3525368670622508,0.37119147181510925,0
11712,191.601,1,0.37119147181510925,0.37119147181510925,0
11724,191.798,1,0.37119147181510925,0.37119147181510925,0
11736,191.994,1,0.37119147181510925,0.37119147181510925,0
11748,192.19,1,0.37119147181510925,0.37119147181510925,0
11760,192.387,1,0.36015960574150085,0.37119147181510925,0
11772,192.583,1,0.3398940960566203,0.33809587359428406,0
11784,192.779,1,0.3196285863717397,0.31039494276046753,0
11796,192.975,1,0.30446843306223553,0.31039494276046753,0
11808,193.172,1,0.27270375192165375,0.2926154136657715,0
11820,193.368,1,0.25100382665793103,0.21510089933872223,0
11832,193.564,0,0.3289402375618617,0.24529516696929932,0
11844,193.761,0,0.45491955677668255,0.5264246463775635,0
11856,193.957,0,0.5614146590232849,0.5930388569831848,1
11868,194.153,0,0.4847341279188792,0.5647804737091064,0
11880,194.35,0,0.33729855716228485,0.2963830530643463,0
11892,194.546,0,0.19165056447188059,0.1507321447134018,0
11904,194.742,0,0.11989755680163701,0.12783649563789368,0
11916,194.939,0,0.2127361868818601,0.08112403005361557,0
11928,195.135,0,0.31515326847632724,0.42924803495407104,0
11940,195.331,0,0.4387375017007192,0.43508774042129517,0
11952,195.528,0,0.44628039995829266,0.4518767297267914,0
11964,195.724,0,0.4518767297267914,0.4518767297267914,0
11976,195.92,0,0.4518767297267914,0.4518767297267914,0
11988,196.116,0,0.4603467285633087,0.4518767297267914,0
12000,196.313,0,0.46708380182584125,0.4772867262363434,0
12012,196.509,0,0.47382087508837384,0.47208794951438904,0
12024,196.705,0,0.47208794951438904,0.47208794951438904,0
12036,196.902,0,0.47208794951438904,0.47208794951438904,0
12048,197.098,0,0.47208794951438904,0.47208794951438904,0
12060,197.294,0,0.47208794951438904,0.47208794951438904,0
12072,197.491,0,0.4653508762518565,0.47208794951438904,0
12084,197.687,1,0.46462316314379376,0.4518767297267914,0
12096,197.883,1,0.463895450035731,0.4699048101902008,0
12108,198.08,1,0.4699048101902008,0.4699048101902008,0
12120,198.276,1,0.48374563455581665,0.4699048101902008,0
12132,198.472,1,0.5048226217428843,0.5114272832870483,1
12144,198.669,1,0.525899608929952,0.5331357717514038,1
12156,198.865,1,0.5331357717514038,0.5331357717514038,1
12168,199.061,1,0.5412092606226603,0.5331357717514038,1
12180,199.257,1,0.5492827494939169,0.5573562383651733,1
12192,199.454,1,0.5573562383651733,0.5573562383651733,1
12204,199.65,1,0.5532580614089966,0.5573562383651733,1
12216,199.846,1,0.5887639125188192,0.5450617074966431,1
12228,200.043,1,0.6228928168614706,0.6638737916946411,1
12240,200.239,1,0.6611365675926208,0.6597429513931274,1
12252,200.435,1,0.6905191739400228,0.659792959690094,1
12264,200.632,1,0.6841036677360535,0.7520216107368469,1
12276,200.828,1,0.7239406903584799,0.6404964327812195,1
12288,201.024,1,0.7642919023831686,0.779304027557373,1
12300,201.221,1,0.8398680090904236,0.8730752468109131,1
12312,201.417,1,0.860456109046936,0.8672247529029846,1
12324,201.613,1,0.8216202656428019,0.8410683274269104,1
12336,201.81,1,0.7857820391654968,0.7565677165985107,1
12348,202.006,1,0.7650856773058573,0.7597100734710693,1
12360,202.202,1,0.7824978232383728,0.7789792418479919,1
12372,202.398,1,0.7832761804262797,0.8088041543960571,1
12384,202.595,1,0.7463823556900024,0.76204514503479,1
12396,202.791,1,0.6995468934377035,0.6682977676391602,1
12408,202.987,1,0.6426408290863037,0.6682977676391602,1
12420,203.184,1,0.6227372884750366,0.5913269519805908,1
12432,203.38,1,0.6102713942527771,0.6085871458053589,1
12444,203.576,1,0.6621861259142557,0.6309000849723816,1
12456,203.773,1,0.7071293195088705,0.7470711469650269,1
12468,203.969,1,0.772794266541799,0.7434167265892029,1
12480,204.165,1,0.7926041881243387,0.827894926071167,1
12492,204.362,1,0.7864476243654887,0.8065009117126465,1
12504,204.558,1,0.7777584393819174,0.7249470353126526,1
12516,204.754,1,0.8035784165064493,0.8018273711204529,1
12528,204.951,1,0.8389256000518799,0.8839608430862427,1
12540,205.147,1,0.8293819824854533,0.8309885859489441,1
12552,205.343,1,0.7924605409304301,0.7731965184211731,1
12564,205.54,1,0.7656916975975037,0.7731965184211731,1
12576,205.736,1,0.7654852668444315,0.7506820559501648,1
12588,205.932,1,0.7969623605410258,0.7725772261619568,1
12600,206.128,1,0.8415051698684692,0.8676277995109558,1
12612,206.325,1,0.8337640166282654,0.8843104839324951,1
12624,206.521,1,0.7303470174471537,0.7493537664413452,1
12636,206.717,1,0.6213691234588623,0.5573768019676208,1
12648,206.914,1,0.572365383307139,0.5573768019676208,1
12660,207.11,1,0.6224679748217264,0.6023425459861755,1
12672,207.306,1,0.6433611512184143,0.7076845765113831,1
12684,207.503,0,0.673657496770223,0.6200563311576843,1
12696,207.699,0,0.5699865321318308,0.6932315826416016,1
12708,207.895,0,0.5170269310474396,0.39667168259620667,1
12720,208.092,0,0.42128510276476544,0.4611775279045105,0
12732,208.288,0,0.4572409192721049,0.4060060977935791,0
12744,208.484,0,0.36994266013304394,0.5045391321182251,0
12756,208.681,0,0.2940201014280319,0.19928275048732758,0
12768,208.877,0,0.1937368114789327,0.1782384216785431,0
12780,209.073,0,0.18470245599746704,0.20368926227092743,0
12792,209.269,0,0.20968897143999735,0.1721796840429306,0
12804,209.466,0,0.19294207791487375,0.25319796800613403,0
12816,209.662,0,0.1790220538775126,0.15344858169555664,0
12828,209.858,0,0.17542393505573273,0.13041961193084717,0
12840,210.055,0,0.21218529840310416,0.24240361154079437,0
12852,210.251,0,0.25583576659361523,0.2637326717376709,0
12864,210.447,0,0.26961586872736615,0.26137101650238037,0
12876,210.644,0,0.289224515358607,0.2837439179420471,0
12888,210.84,0,0.2966821491718292,0.32255861163139343,0
12900,211.036,0,0.2966821491718292,0.2837439179420471,0
12912,211.233,0,0.2837439179420471,0.2837439179420471,0
12924,211.429,0,0.28953911860783893,0.2837439179420471,0
12936,211.625,0,0.28669315576553345,0.3011295199394226,0
12948,211.822,0,0.2976893484592438,0.2752060294151306,0
12960,212.018,0,0.29007410009702045,0.3167324960231781,0
12972,212.214,0,0.3031833966573079,0.2782837748527527,0
12984,212.41,0,0.35673777262369794,0.31453391909599304,0
12996,212.607,0,0.41914820671081543,0.477395623922348,0
13008,212.803,0,0.4760759472846985,0.4655150771141052,0
13020,212.999,0,0.4768408238887787,0.4853171408176422,0
13032,213.196,0,0.47695352633794147,0.4796902537345886,0
13044,213.392,0,0.4859897991021474,0.46585318446159363,0
13056,213.588,1,0.4992794096469879,0.51242595911026,1
13068,213.785,1,0.5449342727661133,0.5195590853691101,1
13080,213.981,1,0.5933802326520284,0.6028177738189697,1
13092,214.177,1,0.6710295081138611,0.6577638387680054,1
13104,214.374,1,0.710742731889089,0.7525069117546082,1
13116,214.57,1,0.703487237294515,0.7219574451446533,1
13128,214.766,1,0.6996797124544779,0.6359973549842834,1
13140,214.963,1,0.6628925999005636,0.7410843372344971,1
13152,215.159,1,0.6412074367205302,0.6115961074829102,1
13164,215.355,1,0.5537024835745493,0.5709418654441833,1
13176,215.551,1,0.4714261790116628,0.47856947779655457,0
13188,215.748,1,0.4678171177705129,0.3647671937942505,0
13200,215.944,1,0.4933277368545532,0.5601146817207336,0
13212,216.14,1,0.6520275870958964,0.5551013350486755,1
13224,216.337,1,0.7456116080284119,0.84086674451828,1
13236,216.533,1,0.8362654050191244,0.84086674451828,1
13248,216.729,1,0.8376241127649943,0.827062726020813,1
13260,216.926,1,0.867499311765035,0.8449428677558899,1
13272,217.122,1,0.784766415754954,0.9304923415184021,1
13284,217.318,1,0.6957859794298807,0.5788640379905701,1
13296,217.515,1,0.5783083438873291,0.5780015587806702,1
13308,217.711,1,0.5971434712409973,0.5780594348907471,1
13320,217.907,1,0.6237596670786539,0.6353694200515747,1
13332,218.104,1,0.49905453125635785,0.6578501462936401,1
13344,218.3,1,0.4276999632517497,0.20394402742385864,0
13356,218.496,1,0.3430019021034241,0.42130571603775024,0
13368,218.692,0,0.3974248965581258,0.40375596284866333,0
13380,218.889,0,0.40838144222895306,0.36721301078796387,0
13392,219.085,0,0.41264482339223224,0.45417535305023193,0
13404,219.281,0,0.42111651102701825,0.416546106338501,0
13416,219.478,0,0.36325859030087787,0.3926280736923218,0
13428,219.674,0,0.2839144319295883,0.2806015908718109,0
13440,219.87,0,0.309673344095548,0.17851363122463226,0
13452,220.067,0,0.372774417201678,0.4699048101902008,0
13464,220.263,0,0.4699048101902008,0.4699048101902008,0
13476,220.459,0,0.4699048101902008,0.4699048101902008,0
13488,220.656,0,0.4699048101902008,0.4699048101902008,0
13500,220.852,0,0.4699048101902008,0.4699048101902008,0
13512,221.048,0,0.4699048101902008,0.4699048101902008,0
13524,221.245,0,0.4699048101902008,0.4699048101902008,0
13536,221.441,0,0.48374563455581665,0.4699048101902008,0
13548,221.637,0,0.4975864589214325,0.5114272832870483,0
13560,221.833,0,0.4975864589214325,0.5114272832870483,0
13572,222.03,0,0.48374563455581665,0.4699048101902008,0
13584,222.226,0,0.4699048101902008,0.4699048101902008,0
13596,222.422,0,0.4699048101902008,0.4699048101902008,0
13608,222.619,0,0.4699048101902008,0.4699048101902008,0
13620,222.815,0,0.4699048101902008,0.4699048101902008,0
13632,223.011,0,0.4699048101902008,0.4699048101902008,0
13644,223.208,0,0.4646824796994527,0.4699048101902008,0
13656,223.404,0,0.45946014920870465,0.45423781871795654,0
13668,223.6,0,0.45423781871795654,0.45423781871795654,0
13680,223.797,0,0.45423781871795654,0.45423781871795654,0
13692,223.993,0,0.45423781871795654,0.45423781871795654,0
13704,224.189,0,0.45946014920870465,0.45423781871795654,0
13716,224.386,0,0.4646824796994527,0.4699048101902008,0
13728,224.582,0,0.4646824796994527,0.4699048101902008,0
13740,224.778,0,0.45946014920870465,0.45423781871795654,0
13752,224.974,0,0.3255808502435684,0.45423781871795654,0
13764,225.171,0,0.1938860329488913,0.06826691329479218,0
13776,225.367,0,0.05410703892509142,0.05915336683392525,0
13788,225.563,0,0.0547553114593029,0.034900836646556854,0
13800,225.76,0,0.0700993686914444,0.0702117308974266,0
13812,225.956,0,0.08282929410537083,0.10518553853034973,0
13824,226.152,0,0.09260056912899017,0.07309061288833618,0
13836,226.349,0,0.0945613185564677,0.0995255559682846,0
13848,226.545,0,0.09352046251296997,0.11106778681278229,0
13860,226.741,0,0.08366795877615611,0.06996804475784302,0
13872,226.938,0,0.07643710573514302,0.06996804475784302,0
13884,227.134,0,0.07535171260436375,0.08937522768974304,0
13896,227.33,0,0.2890600735942523,0.06671186536550522,0
13908,227.527,0,0.4644140476981799,0.7110931277275085,0
13920,227.723,0,0.6700105667114258,0.6154371500015259,1
13932,227.919,0,0.6660114725430807,0.6835014224052429,1
13944,228.115,0,0.6416430473327637,0.6990958452224731,1
13956,228.312,0,0.5902744928995768,0.542331874370575,1
13968,228.508,0,0.5299261808395386,0.5293957591056824,1
13980,228.704,0,0.5218325257301331,0.5180509090423584,1
13992,228.901,0,0.5180509090423584,0.5180509090423584,1
14004,229.097,0,0.5032996435960134,0.5180509090423584,1
14016,229.293,0,0.4885322650273641,0.47379711270332336,0
14028,229.49,0,0.3496197983622551,0.4737487733364105,0
14040,229.686,0,0.3846178278326988,0.1013135090470314,0
14052,229.882,0,0.29448146373033524,0.5787912011146545,0
14064,230.079,0,0.32539185384909314,0.20333968102931976,0
14076,230.275,0,0.19714301327864328,0.19404467940330505,0
14088,230.471,0,0.19609751303990683,0.19404467940330505,0
14100,230.668,0,0.19815034667650858,0.20020318031311035,0
14112,230.864,0,0.20020318031311035,0.20020318031311035,0
14124,231.06,0,0.22385826706886292,0.20020318031311035,0
14136,231.256,0,0.31367579102516174,0.27116844058036804,0
14148,231.453,0,0.3272767762343089,0.46965575218200684,0
14160,231.649,0,0.32121244072914124,0.24100613594055176,0
14172,231.845,0,0.24308749536673227,0.2529754340648651,0
14184,232.042,0,0.23177103698253632,0.23528091609477997,0
14196,232.238,0,0.21646481255690256,0.20705676078796387,0
14208,232.434,0,0.20360050598780313,0.20705676078796387,0
14220,232.631,0,0.21420816580454508,0.1966879963874817,0
14232,232.827,0,0.2158548136552175,0.2388797402381897,0
14244,233.023,0,0.22034860153992972,0.21199670433998108,0
14256,233.22,0,0.20786983768145242,0.21016936004161835,0
14268,233.416,0,0.21357878545920053,0.20144344866275787,0
14280,233.612,1,0.22569040954113007,0.2291235476732254,0
14292,233.809,1,0.25954052805900574,0.24650423228740692,0
14304,234.005,1,0.42704300582408905,0.3029938042163849,0
14316,234.201,1,0.5012800494829813,0.7316309809684753,1
14328,234.397,1,0.5168562332789103,0.46921536326408386,1
14340,234.594,1,0.38955335815747577,0.34972235560417175,0
14352,234.79,1,0.34972235560417175,0.34972235560417175,0
14364,234.986,1,0.32881760597229004,0.34972235560417175,0
14376,235.183,1,0.3138594627380371,0.2870081067085266,0
14388,235.379,1,0.3511362870534261,0.30484792590141296,0
14400,235.575,1,0.4217170774936676,0.46155282855033875,0
14412,235.772,1,0.48135597507158917,0.4987504780292511,0
14424,235.968,1,0.4887599050998688,0.4837646186351776,0
14436,236.164,1,0.46517876784006756,0.4837646186351776,0
14448,236.361,1,0.4701740543047587,0.4280070662498474,0
14460,236.557,1,0.5144340693950653,0.4987504780292511,1
14472,236.753,1,0.5501037339369456,0.6165446639060974,1
14484,236.95,1,0.598918616771698,0.5350160598754883,1
14496,237.146,1,0.5058617194493612,0.6451951265335083,1
14508,237.342,1,0.477791170279185,0.3373739719390869,0
14520,237.538,0,0.400424599647522,0.4508044123649597,0
14532,237.735,0,0.4705153902371724,0.4130954146385193,0
14544,237.931,0,0.5205113490422567,0.5476463437080383,1
14556,238.127,0,0.5725990136464437,0.6007922887802124,1
14568,238.324,0,0.6409643292427063,0.5693584084510803,1
14580,238.52,1,0.6517398158709208,0.7527422904968262,1
14592,238.716,1,0.6703047355016073,0.633118748664856,1
14604,238.913,1,0.583353211482366,0.6250531673431396,1
14616,239.109,1,0.583406001329422,0.4918877184391022,1
14628,239.305,1,0.5477364559968313,0.6332771182060242,1
14640,239.502,0,0.5428636272748312,0.5180445313453674,1
14652,239.698,0,0.4846757650375366,0.4772692322731018,0
14664,239.894,0,0.5145568251609802,0.4587135314941406,1
14676,240.091,0,0.5440370837847391,0.6076877117156982,1
14688,240.287,0,0.6097953120867411,0.5657100081443787,1
14700,240.483,0,0.6112746198972067,0.6559882164001465,1
14712,240.679,0,0.6695753335952759,0.6121256351470947,1
14724,240.876,0,0.6918711066246033,0.7406121492385864,1
14736,241.072,0,0.6872156063715616,0.7228755354881287,1
14748,241.268,0,0.6505402525266012,0.59815913438797,1
14760,241.465,0,0.6909821430842081,0.6305860877037048,1
14772,241.661,0,0.7739134629567465,0.8442012071609497,1
14784,241.857,0,0.8430400490760803,0.8469530940055847,1
14796,242.054,0,0.8393378456433614,0.8379658460617065,1
14808,242.25,0,0.849259614944458,0.833094596862793,1
14820,242.446,0,0.8507047295570374,0.8767184019088745,1
14832,242.643,0,0.8499620954195658,0.8423011898994446,1
14844,242.839,0,0.8414235711097717,0.8308666944503784,1
14856,243.035,0,0.8465707103411356,0.8511028289794922,1
14868,243.232,0,0.6212310443321863,0.8577426075935364,1
14880,243.428,0,0.39377086361249286,0.15484769642353058,0
14892,243.624,0,0.230611522992452,0.16872228682041168,0
14904,243.82,0,0.289477214217186,0.3682645857334137,0
14916,244.017,0,0.3635910550753276,0.33144477009773254,0
14928,244.213,0,0.3711907962958018,0.3910638093948364,0
14940,244.409,0,0.3990914324919383,0.3910638093948364,0
14952,244.606,0,0.3941494623819987,0.41514667868614197,0
14964,244.802,0,0.4381784200668335,0.3762378990650177,0
14976,244.998,0,0.4689309497674306,0.5231506824493408,0
14988,245.195,0,0.4825422465801239,0.5074042677879333,0
15000,245.391,0,0.4155341287453969,0.41707178950309753,0
15012,245.587,1,0.4787966112295787,0.3221263289451599,0
15024,245.784,1,0.5823824008305868,0.6971917152404785,1
15036,245.98,1,0.7333442767461141,0.7278291583061218,1
15048,246.176,1,0.7810096939404806,0.7750119566917419,1
15060,246.373,1,0.8200302322705587,0.8401879668235779,1
15072,246.569,1,0.8480962713559469,0.8448907732963562,1
15084,246.765,1,0.854436973730723,0.8592100739479065,1
15096,246.962,1,0.8592100739479065,0.8592100739479065,1
15108,247.158,1,0.8596004645029703,0.8592100739479065,1
15120,247.354,1,0.8579985300699869,0.8603812456130981,1
15132,247.55,1,0.8563965956370035,0.8544042706489563,1
15144,247.747,1,0.8544042706489563,0.8544042706489563,1
15156,247.943,1,0.8540000120798746,0.8544042706489563,1
15168,248.139,1,0.8535957535107931,0.8531914949417114,1
15180,248.336,1,0.8494353493054708,0.8531914949417114,1
15192,248.532,1,0.8492416938145956,0.8419230580329895,1
15204,248.728,1,0.8408387104670206,0.8526105284690857,1
15216,248.925,1,0.8328841129938761,0.8279825448989868,1
15228,249.121,1,0.8326709667841593,0.8180592656135559,1
15240,249.317,1,0.8406671484311422,0.8519710898399353,1
15252,249.514,1,0.8571942647298177,0.8519710898399353,1
15264,249.71,1,0.7984858949979147,0.8676406145095825,1
15276,249.906,1,0.5970805337031683,0.6758459806442261,1
15288,250.103,1,0.5032879362503687,0.2477550059556961,1
15300,250.299,1,0.5415488332509995,0.5862628221511841,1
15312,250.495,1,0.7054756085077921,0.7906286716461182,1
15324,250.691,1,0.7432157595952352,0.7395353317260742,1
15336,250.888,1,0.7177769144376119,0.6994832754135132,1
15348,251.084,1,0.7237865726153055,0.7143121361732483,1
15360,251.28,1,0.7515312433242798,0.7575643062591553,1
15372,251.477,1,0.7734086712201437,0.7827172875404358,1
15384,251.673,1,0.7725880344708761,0.7799444198608398,1
15396,251.869,1,0.7558471957842509,0.7551023960113525,1
15408,252.066,1,0.7347147464752197,0.7324947714805603,1
15420,252.262,1,0.718408445517222,0.7165470719337463,1
15432,252.458,1,0.7096380194028219,0.7061834931373596,1
15444,252.655,1,0.7061834931373596,0.7061834931373596,1
15456,252.851,1,0.7061834931373596,0.7061834931373596,1
15468,253.047,1,0.7061834931373596,0.7061834931373596,1
15480,253.244,1,0.7061834931373596,0.7061834931373596,1
15492,253.44,1,0.7308314442634583,0.7061834931373596,1
15504,253.636,0,0.6649272044499716,0.7801273465156555,1
15516,253.832,0,0.4864172339439392,0.5084707736968994,0
15528,254.029,0,0.32173924644788104,0.1706535816192627,0
15540,254.225,0,0.24778404831886292,0.2860933840274811,0
15552,254.421,0,0.27508235971132916,0.28660517930984497,0
15564,254.618,0,0.24783553183078766,0.2525485157966614,0
15576,254.814,0,0.24537387986977896,0.20435290038585663,0
15588,255.01,0,0.24556032319863638,0.27922022342681885,0
15600,255.207,0,0.25991955896218616,0.25310784578323364,0
15612,255.403,0,0.24932302037874857,0.24743060767650604,0
15624,255.599,0,0.24743060767650604,0.24743060767650604,0
15636,255.796,0,0.24743060767650604,0.24743060767650604,0
15648,255.992,0,0.2647164563337962,0.24743060767650604,0
15660,256.188,0,0.29020508627096814,0.29928815364837646,0
15672,256.385,0,0.3156937162081401,0.32389649748802185,0
15684,256.581,0,0.3305015563964844,0.32389649748802185,0
15696,256.777,0,0.3061138689517975,0.3437116742134094,0
15708,256.973,0,0.27988283336162567,0.2507334351539612,0
15720,257.17,0,0.2405621955792109,0.2452033907175064,0
15732,257.366,0,0.22513570388158163,0.22574976086616516,0
15744,257.562,0,0.21729562679926553,0.2044539600610733,0
15756,257.759,0,0.21186419824759165,0.22168315947055817,0
15768,257.955,0,0.2135313699642817,0.2094554752111435,0
15780,258.151,0,0.2094554752111435,0.2094554752111435,0
15792,258.348,0,0.2094554752111435,0.2094554752111435,0
15804,258.544,0,0.21420730153719583,0.2094554752111435,0
15816,258.74,0,0.21420730153719583,0.22371095418930054,0
15828,258.937,0,0.21420730153719583,0.2094554752111435,0
15840,259.133,0,0.21001728375752768,0.2094554752111435,0
15852,259.329,0,0.20900638898213705,0.21114090085029602,0
15864,259.526,0,0.20799549420674643,0.20642279088497162,0
15876,259.722,0,0.20642279088497162,0.20642279088497162,0
15888,259.918,0,0.16035730143388113,0.20642279088497162,0
15900,260.114,0,0.11364054928223292,0.06822632253170013,0
15912,260.311,0,0.06910346945126851,0.06627253443002701,0
15924,260.507,0,0.07845635215441386,0.0728115513920784,0
15936,260.703,0,0.08452119181553523,0.09628497064113617,0
15948,260.9,0,0.08595386892557144,0.08446705341339111,0
15960,261.096,0,0.14550311615069708,0.07710958272218704,0
15972,261.292,0,0.22986710319916406,0.27493271231651306,0
15984,261.489,0,0.26305273175239563,0.3375590145587921,0
15996,261.685,0,0.21858105063438416,0.1766664683818817,0
16008,261.881,0,0.14756674567858377,0.14151766896247864,0
16020,262.078,0,0.15712021787961325,0.12451609969139099,0
16032,262.274,0,0.19072032471497855,0.2053268849849701,0
16044,262.47,0,0.21937606235345206,0.24231798946857452,0
16056,262.667,0,0.22972931961218515,0.21048331260681152,0
16068,262.863,0,0.30412466327349347,0.23638665676116943,0
16080,263.059,0,0.31291108826796216,0.4655040204524994,0
16092,263.255,0,0.3547714501619339,0.2368425875902176,0
16104,263.452,0,0.3532283554474513,0.3619677424430847,0
16116,263.648,0,0.3299919019142787,0.4608747363090515,0
16128,263.844,0,0.2538444499174754,0.16713322699069977,0
16140,264.041,0,0.17140897611776987,0.13352538645267487,0
16152,264.237,0,0.1576585372289022,0.213568314909935,0
16164,264.433,0,0.3419300665458043,0.12588191032409668,0
16176,264.63,0,0.477704922358195,0.6863399744033813,0
16188,264.826,0,0.6177787979443868,0.6208928823471069,1
16200,265.022,0,0.5710333188374838,0.5461035370826721,1
16212,265.219,0,0.5345397591590881,0.5461035370826721,1
16224,265.415,0,0.5104798177878062,0.5114122033119202,1
16236,265.611,0,0.47975101073582965,0.4739237129688263,0
16248,265.808,0,0.45236295461654663,0.45391711592674255,0
16260,266.004,0,0.4458009898662567,0.42924803495407104,0
16272,266.2,0,0.4458009898662567,0.45423781871795654,0
16284,266.396,0,0.4540240168571472,0.45391711592674255,0
16296,266.593,0,0.45976536472638446,0.45391711592674255,0
16308,266.789,0,0.4656136135260264,0.47146186232566833,0
16320,266.985,0,0.4656136135260264,0.47146186232566833,0
16332,267.182,0,0.46509459614753723,0.45391711592674255,0
16344,267.378,0,0.4593532482783,0.4699048101902008,0
16356,267.574,0,0.45946014920870465,0.45423781871795654,0
16368,267.771,0,0.45423781871795654,0.45423781871795654,0
16380,267.967,0,0.4478544592857361,0.45423781871795654,0
16392,268.163,0,0.4477475583553314,0.43508774042129517,0
16404,268.36,0,0.44764065742492676,0.45391711592674255,0
16416,268.556,0,0.45391711592674255,0.45391711592674255,0
16428,268.752,0,0.45101608832677204,0.45391711592674255,0
16440,268.949,0,0.45101608832677204,0.44521403312683105,0
16452,269.145,0,0.4511229892571767,0.45391711592674255,0
16464,269.341,0,0.44785354534784955,0.45423781871795654,0
16476,269.537,0,0.4416830738385518,0.4354057013988495,0
16488,269.734,0,0.4354057013988495,0.4354057013988495,0
16500,269.93,0,0.32441860685745877,0.4354057013988495,0
16512,270.126,0,0.37367559721072513,0.10244441777467728,0
16524,270.323,0,0.4425642117857933,0.5831766724586487,0
16536,270.519,0,0.6297881404558817,0.642071545124054,1
16548,270.715,0,0.6429847876230875,0.6641162037849426,1
16560,270.912,0,0.49464258551597595,0.6227666139602661,0
16572,271.108,0,0.31077544887860614,0.19704493880271912,0
16584,271.304,0,0.14219026267528534,0.11251479387283325,0
16596,271.501,0,0.1185744305451711,0.11701105535030365,0
16608,271.697,0,0.11546721557776134,0.1261974424123764,0
16620,271.893,0,0.10470496118068695,0.10319314897060394,0
16632,272.09,0,0.08998946845531464,0.0847242921590805,0
16644,272.286,0,0.08086265623569489,0.08205096423625946,0
16656,272.482,0,0.08085606495539348,0.07581271231174469,0
16668,272.678,0,0.07825790842374165,0.08470451831817627,0
16680,272.875,0,0.07410589853922527,0.07425649464130402,0
16692,273.071,0,0.0642916349073251,0.0633566826581955,0
16704,273.267,0,0.05864573394258817,0.055261727422475815,0
16716,273.464,0,0.056957658380270004,0.0573187917470932,0
16728,273.66,0,0.05772824833790461,0.058292455971241,0
16740,273.856,0,0.06515423705180486,0.05757349729537964,0
16752,274.053,0,0.07092836250861485,0.07959675788879395,0
16764,274.249,0,0.07570443054040273,0.07561483234167099,0
16776,274.445,0,0.070042389134566,0.07190170139074326,0
16788,274.642,0,0.08735552926858266,0.06261063367128372,0
16800,274.838,0,0.08870490392049153,0.127554252743721,0
16812,275.034,0,0.11017102251450221,0.07594982534646988,0
16824,275.231,0,0.13662922630707422,0.12700898945331573,0
16836,275.427,0,0.16111660997072855,0.20692886412143707,0
16848,275.623,0,0.163875142733256,0.14941197633743286,0
16860,275.819,0,0.15055998166402182,0.13528458774089813,0
16872,276.016,0,0.1575601597627004,0.16698338091373444,0
16884,276.212,0,0.1659031609694163,0.17041251063346863,0
16896,276.408,0,0.14866414169470468,0.16031359136104584,0
16908,276.605,0,0.13808620969454447,0.11526632308959961,0
16920,276.801,0,0.152631014585495,0.13867871463298798,0
16932,276.997,0,0.15709257125854492,0.2039480060338974,0
16944,277.194,0,0.1726179321606954,0.1286509931087494,0
16956,277.39,0,0.19700605173905691,0.1852547973394394,0
16968,277.586,0,0.18511385222276053,0.27711236476898193,0
16980,277.783,0,0.14430777728557587,0.09297439455986023,0
16992,277.979,0,0.10474478701750438,0.06283657252788544,0
17004,278.175,0,0.09892505158980687,0.15842339396476746,0
17016,278.372,0,0.1477490042646726,0.07551518827676773,0
17028,278.568,0,0.15221964567899704,0.2093084305524826,0
17040,278.764,0,0.18615040183067322,0.17183531820774078,0
17052,278.96,0,0.14466298123200735,0.17730745673179626,0
17064,279.157,0,0.1201766977707545,0.08484616875648499,0
17076,279.353,0,0.18730046848456064,0.09837646782398224,0
17088,279.549,0,0.27563152213891345,0.3786787688732147,0
17100,279.746,0,0.273321566482385,0.34983932971954346,0
17112,279.942,0,0.1822153702378273,0.09144660085439682,0
17124,280.138,0,0.10711630433797836,0.10536018013954163,0
17136,280.335,0,0.10688611368338267,0.12454213201999664,0
17148,280.531,0,0.12281873822212219,0.09075602889060974,0
17160,280.727,0,0.23852379620075226,0.1531580537557602,0
17172,280.924,0,0.35167762140432995,0.47165730595588684,0
17184,281.12,0,0.4436687131722768,0.4302175045013428,0
17196,281.316,0,0.43369383613268536,0.42913132905960083,0
17208,281.513,0,0.4891241292158763,0.4417326748371124,0
17220,281.709,0,0.6412264009316763,0.5965083837509155,1
17232,281.905,0,0.7696861823399862,0.8854381442070007,1
17244,282.101,0,0.7921913266181946,0.8271120190620422,1
17256,282.298,0,0.5792287836472193,0.6640238165855408,1
17268,282.494,0,0.3375706697503726,0.246550515294075,0
17280,282.69,0,0.14132224271694818,0.10213767737150192,0
17292,282.887,0,0.07614452516039212,0.07527853548526764,0
17304,283.083,0,0.058614734560251236,0.051017362624406815,0
17316,283.279,0,0.05128979682922363,0.049548305571079254,0
17328,283.476,0,0.061932358890771866,0.05330372229218483,0
17340,283.672,0,0.0717338261504968,0.08294504880905151,0
17352,283.868,0,0.1272732987999916,0.07895270735025406,0
17364,284.065,0,0.15369187047084173,0.21992214024066925,0
17376,284.261,0,0.1893285016218821,0.16220076382160187,0
17388,284.457,0,0.15759398291508356,0.18586260080337524,0
17400,284.654,0,0.14629719406366348,0.12471858412027359,0
17412,284.85,0,0.23575560003519058,0.1283103972673416,0
17424,285.046,0,0.3677650938431422,0.45423781871795654,0
17436,285.242,0,0.49456920226414997,0.5207470655441284,0
17448,285.439,0,0.5063760578632355,0.508722722530365,1
17460,285.635,0,0.4778432846069336,0.489658385515213,0
17472,285.831,0,0.45331862568855286,0.4351487457752228,0
17484,286.028,0,0.4351284106572469,0.4351487457752228,0
17496,286.224,0,0.43510807553927106,0.43508774042129517,0
17508,286.42,0,0.43508774042129517,0.43508774042129517,0
17520,286.617,0,0.43508774042129517,0.43508774042129517,0
17532,286.813,0,0.43510807553927106,0.43508774042129517,0
17544,287.009,0,0.4351284106572469,0.4351487457752228,0
17556,287.206,0,0.43586693207422894,0.4351487457752228,0
17568,287.402,0,0.4347555140654246,0.4373033046722412,0
17580,287.598,0,0.4336440960566203,0.4318144917488098,0
17592,287.795,0,0.43095900615056354,0.4318144917488098,0
17604,287.991,0,0.4301035205523173,0.42924803495407104,0
17616,288.187,0,0.42924803495407104,0.42924803495407104,0
17628,288.384,0,0.4575366775194804,0.42924803495407104,0
17640,288.58,0,0.4793369968732198,0.5141139626502991,0
17652,288.776,0,0.5076256394386292,0.4946489930152893,1
17664,288.972,0,0.4793369968732198,0.5141139626502991,0
17676,289.169,0,0.4575366775194804,0.42924803495407104,0
17688,289.365,0,0.42978323499361676,0.42924803495407104,0
17700,289.561,0,0.43172980348269147,0.43085363507270813,0
17712,289.758,0,0.4336763719717662,0.43508774042129517,0
17724,289.954,0,0.33728517095247906,0.43508774042129517,0
17736,290.15,0,0.23948260148366293,0.1416800320148468,0
17748,290.347,0,0.13930276036262512,0.1416800320148468,0
17760,290.543,0,0.1768861711025238,0.13454821705818176,0
17772,290.739,0,0.2201442321141561,0.25443026423454285,0
17784,290.936,0,0.32601310809453327,0.27145421504974365,0
17796,291.132,0,0.27428707480430603,0.45215484499931335,0
17808,291.328,0,0.23038442432880402,0.09925216436386108,0
17820,291.525,0,0.1257107506195704,0.1397462636232376,0
17832,291.721,0,0.1341608464717865,0.13813382387161255,0
17844,291.917,0,0.14484111467997232,0.12460245192050934,0
17856,292.113,0,0.14934549232323965,0.1717870682477951,0
17868,292.31,0,0.14661433547735214,0.1516469568014145,0
17880,292.506,0,0.13609154770771661,0.11640898138284683,0
17892,292.702,0,0.1243455559015274,0.14021870493888855,0
17904,292.899,0,0.1243455559015274,0.11640898138284683,0
17916,293.095,0,0.11640898138284683,0.11640898138284683,0
17928,293.291,0,0.11640898138284683,0.11640898138284683,0
17940,293.488,0,0.11640898138284683,0.11640898138284683,0
17952,293.684,0,0.11640898138284683,0.11640898138284683,0
17964,293.88,0,0.11640898138284683,0.11640898138284683,0
17976,294.077,0,0.11640898138284683,0.11640898138284683,0
17988,294.273,0,0.11640898138284683,0.11640898138284683,0
18000,294.469,0,0.11640898138284683,0.11640898138284683,0
18012,294.666,0,0.11150751262903214,0.11640898138284683,0
18024,294.862,0,0.14297476410865784,0.10170457512140274,0
18036,295.058,0,0.17293564726909003,0.21081073582172394,0
18048,295.254,0,0.2043519268433253,0.20629163086414337,0
18060,295.451,0,0.20053333540757498,0.19595341384410858,0
18072,295.647,0,0.19708726306756338,0.19935496151447296,0
18084,295.843,0,0.19822111229101816,0.19595341384410858,0
18096,296.04,0,0.19581000010172525,0.19935496151447296,0
18108,296.236,0,0.19784965614477792,0.19212162494659424,0
18120,296.432,0,0.19854268928368887,0.2020723819732666,0
18132,296.629,0,0.20121191442012787,0.20143406093120575,0
18144,296.825,0,0.2005642205476761,0.20012930035591125,0
18156,297.021,0,0.20907952388127646,0.20012930035591125,0
18168,297.218,0,0.21211087703704834,0.22697997093200684,0
18180,297.414,0,0.2178939680258433,0.20922335982322693,0
18192,297.61,0,0.21523037056128183,0.21747857332229614,0
18204,297.807,0,0.24485218028227487,0.21898917853832245,0
18216,298.003,0,0.2743506580591202,0.29808878898620605,0
18228,298.199,0,0.3154895603656769,0.30597400665283203,0
18240,298.395,0,0.30951741337776184,0.34240588545799255,0
18252,298.592,0,0.3282078405221303,0.28017234802246094,0
18264,298.788,0,0.29137393335501355,0.3620452880859375,0
18276,298.984,0,0.2637437085310618,0.23190416395664215,0
18288,299.181,0,0.212346280614535,0.19728167355060577,0
18300,299.377,0,0.21272626022497812,0.20785300433635712,0
18312,299.573,0,0.21625003715356192,0.2330441027879715,0
18324,299.77,0,0.20838116109371185,0.20785300433635712,0
18336,299.966,0,0.14877240235606828,0.18424637615680695,0
18348,300.162,0,0.10390305146574974,0.05421782657504082,0
18360,300.359,0,0.06183538461724917,0.07324495166540146,0
18372,300.555,0,0.07224562267462413,0.05804337561130524,0
18384,300.751,0,0.11523572355508804,0.08544854074716568,0
18396,300.948,0,0.17626777042945227,0.2022152543067932,0
18408,301.144,0,0.22712143758932749,0.2411395162343979,0
18420,301.34,0,0.2574939876794815,0.23800954222679138,0
18432,301.536,0,0.26712070902188617,0.29333290457725525,0
18444,301.733,0,0.22013848523298898,0.27001968026161194,0
18456,301.929,0,0.1539254660407702,0.09706287086009979,0
18468,302.125,0,0.13002799699703851,0.09469384700059891,0
18480,302.322,0,0.15790065377950668,0.19832727313041687,0
18492,302.518,0,0.15852424502372742,0.18068084120750427,0
18504,302.714,0,0.12163816392421722,0.09656462073326111,0
18516,302.911,0,0.0846707026163737,0.08766902983188629,0
18528,303.107,0,0.08941807101170222,0.0697784572839737,0
18540,303.303,0,0.07955025384823482,0.11080672591924667,0
18552,303.5,0,0.08141414821147919,0.05806557834148407,0
18564,303.696,0,0.10153783609469731,0.07537014037370682,0
18576,303.892,0,0.10074575617909431,0.17117778956890106,0
18588,304.089,0,0.1139287141462167,0.055689338594675064,0
18600,304.285,0,0.0918508234123389,0.114919014275074,0
18612,304.481,0,0.2452024668455124,0.10494411736726761,0
18624,304.677,0,0.37551158914963406,0.5157442688941956,0
18636,304.874,0,0.48511141538619995,0.505846381187439,0
18648,305.07,0,0.4640493591626485,0.43374359607696533,0
18660,305.266,0,0.32668743282556534,0.45255810022354126,0
18672,305.463,0,0.20406719048817953,0.09376060217618942,0
18684,305.659,0,0.07553611199061076,0.06588286906480789,0
18696,305.855,0,0.0804511085152626,0.06696486473083496,0
18708,306.052,0,0.08206773549318314,0.10850559175014496,0
18720,306.248,0,0.08726767698923747,0.07073274999856949,0
18732,306.444,0,0.08290171374877293,0.08256468921899796,0
18744,306.641,0,0.11157875259717305,0.09540770202875137,0
18756,306.837,0,0.1340622380375862,0.15676386654376984,0
18768,307.033,0,0.12851150085528693,0.15001514554023743,0
18780,307.23,0,0.10325227429469426,0.07875549048185349,0
18792,307.426,0,0.08052477488915126,0.08098618686199188,0
18804,307.622,0,0.08857542276382446,0.0818326473236084,0
18816,307.818,0,0.08808918048938115,0.10290743410587311,0
18828,308.015,0,0.11745547006527583,0.07952746003866196,0
18840,308.211,0,0.14707166701555252,0.16993151605129242,0
18852,308.407,0,0.2377502421538035,0.19175602495670319,0
18864,308.604,0,0.236446812748909,0.3515631854534149,0
18876,308.8,0,0.22137909630934396,0.1660212278366089,0
18888,308.996,0,0.13702796151240668,0.14655287563800812,0
18900,309.193,0,0.10984187076489131,0.098509781062603,0
18912,309.389,0,0.07879734536012013,0.0844629555940628,0
18924,309.585,0,0.0633064533273379,0.05341929942369461,0
18936,309.782,0,0.05244989196459452,0.05203710496425629,0
18948,309.978,0,0.11659326404333115,0.05189327150583267,0
18960,310.174,0,0.16340265423059464,0.24584941565990448,0
18972,310.371,0,0.2169791708389918,0.19246527552604675,0
18984,310.567,0,0.20568216343720755,0.21262282133102417,0
18996,310.763,0,0.2084969480832418,0.2119583934545517,0
19008,310.959,0,0.2134291728337606,0.20090962946414948,0
19020,311.156,0,0.22898087402184805,0.22741949558258057,0
19032,311.352,0,0.23953238626321158,0.2586134970188141,0
19044,311.548,0,0.23718978961308798,0.23256416618824005,0
19056,311.745,0,0.22444919248421988,0.22039170563220978,0
19068,311.941,0,0.22877199947834015,0.22039170563220978,0
19080,312.137,0,0.23233977953592935,0.2455325871706009,0
19092,312.334,0,0.2422026346127192,0.23109504580497742,0
19104,312.53,0,0.24378170569737753,0.24998027086257935,0
19116,312.726,0,0.2509477237860362,0.2502698004245758,0
19128,312.923,0,0.24869419634342194,0.25259310007095337,0
19140,313.119,0,0.2626143544912338,0.24321968853473663,0
19152,313.315,0,0.2519607941309611,0.2920302748680115,0
19164,313.512,0,0.2457826683918635,0.2206324189901352,0
19176,313.708,0,0.22198338309923807,0.22468531131744385,0
19188,313.904,0,0.22634312013785043,0.2206324189901352,0
19200,314.1,0,0.22499215602874756,0.2337116301059723,0
19212,314.297,0,0.22499215602874756,0.2206324189901352,0
19224,314.493,0,0.2206324189901352,0.2206324189901352,0
19236,314.689,0,0.22961609065532684,0.2206324189901352,0
19248,314.886,0,0.16663836191097894,0.24758343398571014,0
19260,315.082,0,0.10274101172884305,0.03169923275709152,0
19272,315.278,0,0.030934005975723267,0.028940368443727493,0
19284,315.475,0,0.037302798281113304,0.032162416726350784,0
19296,315.671,0,0.05127546936273575,0.05080560967326164,0
19308,315.867,0,0.06988440826535225,0.07085838168859482,0
19320,316.064,0,0.07123598332206409,0.08798923343420029,0
19332,316.26,0,0.06560540075103442,0.05486033484339714,0
19344,316.456,0,0.04479357972741127,0.05396663397550583,0
19356,316.653,0,0.03754629194736481,0.02555377036333084,0
19368,316.849,0,0.032564010471105576,0.03311847150325775,0
19380,317.045,0,0.033960266038775444,0.039019789546728134,0
19392,317.241,0,0.05019970548649629,0.029742537066340446,0
19404,317.438,0,0.06762209224204223,0.08183678984642029,0
19416,317.634,0,0.06878307958443959,0.09128694981336594,0
19428,317.83,0,0.054521544526020684,0.03322549909353256,0
19440,318.027,0,0.05578654631972313,0.03905218467116356,0
19452,318.223,0,0.06655800466736157,0.09508195519447327,0
19464,318.419,0,0.07683403044939041,0.0655398741364479,0
19476,318.616,0,0.055265347162882485,0.06988026201725006,0
19488,318.812,0,0.043021694446603455,0.030375905334949493,0
19500,319.008,0,0.028420996541778248,0.028808915987610817,0
19512,319.205,0,0.027000897874434788,0.02607816830277443,0
19524,319.401,0,0.025930286074678104,0.02611560933291912,0
19536,319.597,0,0.027942064528663952,0.02559708058834076,0
19548,319.794,0,0.03002346307039261,0.03211350366473198,0
19560,319.99,0,0.03962817043066025,0.03235980495810509,0
19572,320.186,0,0.04531773428122202,0.05441120266914368,0
19584,320.382,0,0.05118177831172943,0.04918219521641731,0
19596,320.579,0,0.07349904129902522,0.049951937049627304,0
19608,320.775,0,0.08565658703446388,0.12136299163103104,0
19620,320.971,0,0.11325307190418243,0.0856548324227333,0
19632,321.168,0,0.0907245563964049,0.13274139165878296,0
19644,321.364,0,0.09297588591774304,0.05377744510769844,0
19656,321.56,0,0.24372000619769096,0.09240882098674774,0
19668,321.757,0,0.4415476669867833,0.5849737524986267,0
19680,321.953,0,0.615343968073527,0.6472604274749756,1
19692,322.149,0,0.5156277020772299,0.6137977242469788,1
19704,322.346,0,0.33162449796994525,0.2858249545097351,0
19716,322.542,0,0.16203301151593527,0.09525081515312195,0
19728,322.738,0,0.2782866855462392,0.10502326488494873,0
19740,322.935,0,0.4492171009381612,0.634585976600647,0
19752,323.131,0,0.6221672296524048,0.6080420613288879,1
19764,323.327,0,0.6049320896466573,0.6238736510276794,1
19776,323.523,0,0.5422518849372864,0.5828805565834045,1
19788,323.72,0,0.4351074894269307,0.42000144720077515,0
19800,323.916,0,0.4156814416249593,0.30244046449661255,0
19812,324.112,0,0.472134788831075,0.5246024131774902,0
19824,324.309,0,0.5638438661893209,0.5893614888191223,1
19836,324.505,0,0.4845515588919322,0.5775676965713501,0
19848,324.701,0,0.37950332959493,0.2867254912853241,0
19860,324.898,0,0.22481675197680792,0.27421680092811584,0
19872,325.094,0,0.16749195257822672,0.1135079637169838,0
19884,325.29,0,0.1027311161160469,0.11475109308958054,0
19896,325.487,0,0.08342981214324634,0.07993429154157639,0
19908,325.683,0,0.06213307629028956,0.05560405179858208,0
19920,325.879,0,0.052741618206103645,0.05086088553071022,0
19932,326.076,0,0.05218167851368586,0.05175991728901863,0
19944,326.272,0,0.053842633962631226,0.053924232721328735,0
19956,326.468,0,0.05486929168303808,0.05584375187754631,0
19968,326.664,0,0.05435796951254209,0.05483989045023918,0
19980,326.861,0,0.1097752849260966,0.052390266209840775,0
19992,327.057,0,0.16405246779322624,0.22209569811820984,0
20004,327.253,0,0.16558717067042986,0.2176714390516281,0
20016,327.45,0,0.16165378068884215,0.056994374841451645,0
20028,327.646,0,0.1610833096007506,0.21029552817344666,0
20040,327.842,0,0.21105700731277466,0.21596002578735352,0
20052,328.039,0,0.21294517318407694,0.2069154679775238,0
20064,328.235,0,0.18039757261673608,0.21596002578735352,0
20076,328.431,0,0.15391761312882105,0.11831722408533096,0
20088,328.628,0,0.12026182562112808,0.1274755895137787,0
20100,328.824,0,0.12250600258509318,0.1149926632642746,0
20112,329.02,0,0.12947971125443777,0.12504975497722626,0
20124,329.217,0,0.15151359140872955,0.14839671552181244,0
20136,329.413,0,0.16395206252733865,0.18109430372714996,0
20148,329.609,0,0.16732704639434814,0.1623651683330536,0
20160,329.806,0,0.1868254542350769,0.15852166712284088,0
20172,330.002,0,0.2980674107869466,0.23958952724933624,0
20184,330.198,0,0.4001907656590144,0.4960910379886627,0
20196,330.394,0,0.4144337673981984,0.4648917317390442,0
20208,330.591,0,0.30583087106545764,0.2823185324668884,0
20220,330.787,0,0.17738205442825952,0.17028234899044037,0
20232,330.983,0,0.11565582950909932,0.0795452818274498,0
20244,331.18,0,0.09311515341202418,0.0971398577094078,0
20256,331.376,0,0.11462547381718953,0.10266032069921494,0
20268,331.572,0,0.15654571106036505,0.14407624304294586,0
20280,331.769,0,0.17384840548038483,0.22290056943893433,0
20292,331.965,0,0.2579832176367442,0.1545684039592743,0
20304,332.161,0,0.21744588514169058,0.3964806795120239,0
20316,332.358,0,0.21723205844561258,0.1012885719537735,0
20328,332.554,0,0.10974317540725072,0.15392692387104034,0
20340,332.75,0,0.1031107207139333,0.07401403039693832,0
20352,332.947,0,0.07274943341811498,0.08139120787382126,0
20364,333.143,0,0.17217373847961426,0.06284306198358536,0
20376,333.339,0,0.32650385548671085,0.37228694558143616,0
20388,333.535,0,0.5044711927572886,0.5443815588951111,1
20400,333.732,0,0.456815039118131,0.5967450737953186,0
20412,333.928,0,0.35936717689037323,0.22931848466396332,0
20424,334.124,0,0.24166673918565115,0.25203797221183777,0
20436,334.321,0,0.23752457896868387,0.24364376068115234,0
20448,334.517,0,0.18143538385629654,0.21689200401306152,0
20460,334.713,0,0.11826859787106514,0.08377038687467575,0
20472,334.91,0,0.12788514172037443,0.054143402725458145,0
20484,335.106,0,0.17224132642149925,0.24574163556098938,0
20496,335.302,0,0.22693811853726706,0.21683894097805023,0
20508,335.499,0,0.21420535941918692,0.21823377907276154,0
20520,335.695,0,0.21274469792842865,0.20754335820674896,0
20532,335.891,0,0.2100775639216105,0.21245695650577545,0
20544,336.088,0,0.2053898274898529,0.21023237705230713,0
20556,336.284,0,0.20065270364284515,0.19348014891147614,0
20568,336.48,0,0.19368169208367667,0.1982455849647522,0
20580,336.676,0,0.19566998382409415,0.18931934237480164,0
20592,336.873,0,0.19278167684872946,0.19944502413272858,0
20604,337.069,0,0.2075074464082718,0.18958066403865814,0
20616,337.265,0,0.2297357122103373,0.23349665105342865,0
20628,337.462,0,0.24201247096061707,0.26612982153892517,0
20640,337.658,0,0.24097436666488647,0.22641094028949738,0
20652,337.854,0,0.22637638449668884,0.23038233816623688,0
20664,338.051,0,0.2122783213853836,0.22233587503433228,0
20676,338.247,0,0.1994898865620295,0.18411675095558167,0
20688,338.443,0,0.1860273281733195,0.19201703369617462,0
20700,338.64,0,0.19929559032122293,0.1819481998682022,0
20712,338.836,0,0.19979222615559897,0.223921537399292,0
20724,339.032,0,0.20223786433537802,0.19350694119930267,0
20736,339.229,0,0.1906923900047938,0.18928511440753937,0
20748,339.425,0,0.1880250722169876,0.18928511440753937,0
20760,339.621,0,0.18539018432299295,0.1855049878358841,0
20772,339.817,0,0.1417611539363861,0.18138045072555542,0
20784,340.014,0,0.10006233304738998,0.05839802324771881,0
20796,340.21,0,0.059001454462607704,0.06040852516889572,0
20808,340.406,0,0.05621865267554919,0.05819781497120857,0
20820,340.603,0,0.052634891122579575,0.050049617886543274,0
20832,340.799,0,0.04997076466679573,0.04965724050998688,0
20844,340.995,0,0.04970956345399221,0.05020543560385704,0
20856,341.192,0,0.07154315710067749,0.049266014248132706,0
20868,341.388,0,0.09444596990942955,0.11515802145004272,0
20880,341.584,0,0.11371847987174988,0.11891387403011322,0
20892,341.781,0,0.10584132373332977,0.10708354413509369,0
20904,341.977,0,0.10327987869580586,0.09152655303478241,0
20916,342.173,0,0.09846337636311848,0.1112295389175415,0
20928,342.37,0,0.08684926355878513,0.09263403713703156,0
20940,342.566,0,0.07700067634383838,0.0566842146217823,0
20952,342.762,0,0.067555816223224,0.08168377727270126,0
20964,342.958,0,0.07416601479053497,0.06429945677518845,0
20976,343.155,0,0.06552020957072575,0.07651481032371521,0
20988,343.351,0,0.11153214673201244,0.05574636161327362,0
21000,343.547,0,0.1463120182355245,0.20233526825904846,0
21012,343.744,0,0.1503074193994204,0.1808544248342514,0
21024,343.94,0,0.10816067705551784,0.0677325651049614,0
21036,344.136,0,0.0820136417945226,0.0758950412273407,0
21048,344.333,0,0.12829456478357315,0.10241331905126572,0
21060,344.529,0,0.17667497942845026,0.20657533407211304,0
21072,344.725,0,0.16592170794804892,0.22103628516197205,0
21084,344.922,0,0.12185912330945332,0.07015350461006165,0
21096,345.118,0,0.10672608017921448,0.0743875801563263,0
21108,345.314,0,0.11291880905628204,0.1756371557712555,0
21120,345.511,0,0.16143110394477844,0.08873169124126434,0
21132,345.707,0,0.18399082124233246,0.2199244648218155,0
21144,345.903,0,0.25961942474047345,0.24331630766391754,0
21156,346.099,0,0.42591578265031177,0.31561750173568726,0
21168,346.296,0,0.4809282720088959,0.7188135385513306,0
21180,346.492,0,0.6040415465831757,0.4083537757396698,1
21192,346.688,0,0.521745373805364,0.6849573254585266,1
21204,346.885,0,0.43592581649621326,0.4719250202178955,0
21216,347.081,0,0.24141474813222885,0.1508951038122177,0
21228,347.277,0,0.13629461576541266,0.10142412036657333,0
21240,347.474,0,0.13737246642510095,0.1565646231174469,0
21252,347.67,0,0.12739816308021545,0.15412865579128265,0
21264,347.866,0,0.09653402616580327,0.07150121033191681,0
21276,348.063,0,0.06389055276910464,0.06397221237421036,0
21288,348.259,0,0.06642844155430794,0.05619823560118675,0
21300,348.455,0,0.08163874472181003,0.0791148766875267,0
21312,348.652,0,0.09876769036054611,0.10960312187671661,0
21324,348.848,0,0.11027934650580089,0.10758507251739502,0
21336,349.044,0,0.09835059940814972,0.11364984512329102,0
21348,349.24,0,0.0804799497127533,0.07381688058376312,0
21360,349.437,0,0.079991119603316,0.05397312343120575,0
21372,349.633,0,0.07437973593672116,0.1121833547949791,0
21384,349.829,0,0.1994713731110096,0.05698272958397865,0
21396,350.026,0,0.3071061683197816,0.42924803495407104,0
21408,350.222,0,0.43314117193222046,0.43508774042129517,0
21420,350.418,0,0.43508774042129517,0.43508774042129517,0
21432,350.615,0,0.4336763719717662,0.43508774042129517,0
21444,350.811,0,0.4322650035222371,0.43085363507270813,0
21456,351.007,0,0.43085363507270813,0.43085363507270813,0
21468,351.204,0,0.4303184350331624,0.43085363507270813,0
21480,351.4,0,0.42978323499361676,0.42924803495407104,0
21492,351.596,0,0.43119460344314575,0.42924803495407104,0
21504,351.793,0,0.43314117193222046,0.43508774042129517,0
21516,351.989,0,0.4431942403316498,0.43508774042129517,0
21528,352.185,0,0.4417828718821208,0.459407240152359,0
21540,352.381,0,0.44037150343259174,0.43085363507270813,0
21552,352.578,0,0.4305499792098999,0.43085363507270813,0
21564,352.774,0,0.4302463233470917,0.42994266748428345,0
21576,352.97,0,0.4302463233470917,0.42994266748428345,0
21588,353.167,0,0.47383037209510803,0.43085363507270813,0
21600,353.363,0,0.5174144208431244,0.5606948137283325,1
21612,353.559,0,0.5168792208035787,0.5606948137283325,1
21624,353.756,0,0.4757487177848816,0.42924803495407104,0
21636,353.952,0,0.432788610458374,0.4373033046722412,0
21648,354.148,0,0.4354737003644307,0.4318144917488098,0
21660,354.345,0,0.4330201546351115,0.4373033046722412,0
21672,354.541,0,0.4323962132136027,0.42994266748428345,0
21684,354.737,0,0.42994266748428345,0.42994266748428345,0
21696,354.934,0,0.42994266748428345,0.42994266748428345,0
21708,355.13,0,0.42971112330754596,0.42994266748428345,0
21720,355.326,0,0.42947957913080853,0.42924803495407104,0
21732,355.522,0,0.42947957913080853,0.42924803495407104,0
21744,355.719,0,0.42947957913080853,0.42994266748428345,0
21756,355.915,0,0.42971112330754596,0.42924803495407104,0
21768,356.111,0,0.43953264753023785,0.42994266748428345,0
21780,356.308,0,0.4397641917069753,0.459407240152359,0
21792,356.504,0,0.43953264753023785,0.42994266748428345,0
21804,356.7,0,0.42947957913080853,0.42924803495407104,0
21816,356.897,0,0.42924803495407104,0.42924803495407104,0
21828,357.093,0,0.4301035205523173,0.42924803495407104,0
21840,357.289,0,0.430638720591863,0.4318144917488098,0
21852,357.486,0,0.4311739206314087,0.43085363507270813,0
21864,357.682,0,0.4303184350331624,0.43085363507270813,0
21876,357.878,0,0.43800626198450726,0.42924803495407104,0
21888,358.075,0,0.4498542348543803,0.45391711592674255,0
21900,358.271,0,0.46819257736206055,0.46639755368232727,0
21912,358.467,0,0.46020109454790753,0.4842630624771118,0
21924,358.663,0,0.44804946581522626,0.42994266748428345,0
21936,358.86,0,0.42971112330754596,0.42994266748428345,0
21948,359.056,0,0.42947957913080853,0.42924803495407104,0
21960,359.252,0,0.42924803495407104,0.42924803495407104,0
21972,359.449,0,0.42924803495407104,0.42924803495407104,0
21984,359.645,0,0.42924803495407104,0.42924803495407104,0
21996,359.841,0,0.3040200111766656,0.42924803495407104,0
22008,360.038,0,0.1787919873992602,0.05356396362185478,0
22020,360.234,0,0.05356396362185478,0.05356396362185478,0
22032,360.43,0,0.05356396362185478,0.05356396362185478,0
22044,360.627,0,0.05356396362185478,0.05356396362185478,0
22056,360.823,0,0.05363045881191889,0.05356396362185478,0
22068,361.019,0,0.055290682862202324,0.05376344919204712,0
22080,361.216,0,0.060449764132499695,0.05854463577270508,0
22092,361.412,0,0.06332939739028613,0.06904120743274689,0
22104,361.608,0,0.0870027629037698,0.06240234896540642,0
22116,361.804,0,0.09174180651704471,0.12956473231315613,0
22128,362.001,0,0.09494718164205551,0.08325833827257156,0
22140,362.197,0,0.07652004063129425,0.07201847434043884,0
22152,362.393,0,0.0931445782383283,0.07428330928087234,0
22164,362.59,0,0.0883434849480788,0.1331319510936737,0
22176,362.786,0,0.11522966250777245,0.05761519446969032,0
22188,362.982,0,0.15735608960191408,0.1549418419599533,0
22200,363.179,0,0.16601203630367914,0.25951123237609863,0
22212,363.375,0,0.13840098679065704,0.0835830345749855,0
22224,363.571,0,0.0774390920996666,0.072108693420887,0
22236,363.768,0,0.0760246862967809,0.07662554830312729,0
22248,363.964,0,0.09654344866673152,0.07933981716632843,0
22260,364.16,0,0.0964684933423996,0.13366498053073883,0
22272,364.357,0,0.133250763018926,0.07640068233013153,0
22284,364.553,0,0.14522475004196167,0.1896866261959076,0
22296,364.749,0,0.15898475547631583,0.1695869415998459,0
22308,364.945,0,0.10697243362665176,0.11768069863319397,0
22320,365.142,0,0.07290544360876083,0.033649660646915436,0
22332,365.338,0,0.08170812577009201,0.0673859715461731,0
22344,365.534,0,0.12574328978856406,0.1440887451171875,0
22356,365.731,0,0.18334044516086578,0.16575515270233154,0
22368,365.927,0,0.22190781931082407,0.2401774376630783,0
22380,366.123,0,0.2520473649104436,0.2597908675670624,0
22392,366.32,0,0.2265563408533732,0.2561737895011902,0
22404,366.516,0,0.28893577059110004,0.16370436549186707,0
22416,366.712,0,0.4012613395849864,0.4469291567802429,0
22428,366.909,0,0.49047337969144184,0.5931504964828491,0
22440,367.105,0,0.4853758215904236,0.4313404858112335,0
22452,367.301,0,0.30969002842903137,0.4316364824771881,0
22464,367.498,0,0.2772747874259949,0.06609311699867249,0
22476,367.694,0,0.22527378797531128,0.334094762802124,0
22488,367.89,0,0.22354871034622192,0.27563348412513733,0
22500,368.086,0,0.12986030926307043,0.06091788411140442,0
22512,368.283,0,0.07387751837571462,0.053029559552669525,0
22524,368.479,0,0.12202568352222443,0.10768511146306992,0
22536,368.675,0,0.19117711732784906,0.20536237955093384,0
22548,368.872,0,0.23404276371002197,0.26048386096954346,0
22560,369.068,0,0.26194071769714355,0.23628205060958862,0
22572,369.264,0,0.25735266506671906,0.2890562415122986,0
22584,369.461,0,0.29238777856032055,0.24671970307826996,0
22596,369.657,0,0.278275599082311,0.34138739109039307,0
22608,369.853,0,0.24826649328072867,0.24671970307826996,0
22620,370.05,0,0.19825453559557596,0.15669238567352295,0
22632,370.246,0,0.17979847391446432,0.191351518034935,0
22644,370.442,0,0.2603620688120524,0.191351518034935,0
22656,370.639,0,0.4356618970632553,0.39838317036628723,0
22668,370.835,0,0.6094112495581309,0.7172510027885437,1
22680,371.031,0,0.6397241652011871,0.7125995755195618,1
22692,371.228,0,0.46748020251592,0.48932191729545593,0
22704,371.424,0,0.29236281911532086,0.2005191147327423,0
22716,371.62,0,0.18898951510588327,0.18724742531776428,0
22728,371.816,0,0.3643614302078883,0.17920200526714325,0
22740,372.013,0,0.5395140200853348,0.7266348600387573,1
22752,372.209,0,0.7221073309580485,0.7127051949501038,1
22764,372.405,0,0.5179476588964462,0.7269819378852844,1
22776,372.602,0,0.3244300236304601,0.1141558438539505,0
22788,372.798,0,0.12431524197260539,0.13215228915214539,0
22800,372.994,0,0.15383748213450113,0.12663759291172028,0
22812,373.191,0,0.1910295089085897,0.20272256433963776,0
22824,373.387,0,0.3072589387496312,0.243728369474411,0
22836,373.583,0,0.3488160967826843,0.47532588243484497,0
22848,373.78,0,0.3569312592347463,0.327394038438797,0
22860,373.976,0,0.26043324172496796,0.2680738568305969,0
22872,374.172,0,0.20793712635835013,0.18583182990550995,0
22884,374.369,0,0.17168721556663513,0.16990569233894348,0
22896,374.565,0,0.15924093623956045,0.15932412445545197,0
22908,374.761,0,0.12187780812382698,0.1484929919242859,0
22920,374.957,0,0.09247380619247754,0.05781630799174309,0
22932,375.154,0,0.06169497221708298,0.07111211866140366,0
22944,375.35,0,0.06374077126383781,0.05615648999810219,0
22956,375.546,0,0.08088203395406406,0.0639537051320076,0
22968,375.743,0,0.10088623811801274,0.12253590673208237,0
22980,375.939,0,0.10671891520420711,0.11616910248994827,0
22992,376.135,0,0.11990491549173991,0.08145173639059067,0
23004,376.332,0,0.13212663680315018,0.1620939075946808,0
23016,376.528,0,0.15577844778696695,0.15283426642417908,0
23028,376.724,0,0.1414917310078939,0.15240716934204102,0
23040,376.921,0,0.12801085164149603,0.11923375725746155,0
23052,377.117,0,0.1319282924135526,0.1123916283249855,0
23064,377.313,0,0.27156716336806613,0.16415949165821075,0
23076,377.51,0,0.4253872086604436,0.5381503701210022,0
23088,377.706,0,0.5283449292182922,0.5738517642021179,1
23100,377.902,0,0.38654718548059464,0.4730326533317566,0
23112,378.098,0,0.23039760440587997,0.1127571389079094,0
23124,378.295,0,0.10796610762675603,0.10540302097797394,0
23136,378.491,0,0.2212425023317337,0.10573816299438477,0
23148,378.687,0,0.3958251972993215,0.4525863230228424,0
23160,378.884,0,0.5575199822584788,0.6291511058807373,1
23172,379.08,0,0.6307419141133627,0.5908225178718567,1
23184,379.276,0,0.6065295934677124,0.6722521185874939,1
23196,379.473,0,0.4263555184006691,0.5565141439437866,0
23208,379.669,0,0.21903824309508005,0.050300292670726776,0
23220,379.865,0,0.12845096488793692,0.050300292670726776,0
23232,380.062,0,0.24251576016346613,0.2847523093223572,0
23244,380.258,0,0.33162860075632733,0.39249467849731445,0
23256,380.454,0,0.345099409421285,0.3176388144493103,0
23268,380.651,0,0.30565546949704486,0.3251647353172302,0
23280,380.847,0,0.294668048620224,0.2741628587245941,0
23292,381.043,0,0.27233588695526123,0.28467655181884766,0
23304,381.239,0,0.24509149293104807,0.2581682503223419,0
23316,381.436,0,0.21926097571849823,0.19242967665195465,0
23328,381.632,0,0.22511695325374603,0.20718500018119812,0
23340,381.828,0,0.2528857886791229,0.2757361829280853,0
23352,382.025,0,0.28605783979098004,0.2757361829280853,0
23364,382.221,0,0.30123239755630493,0.3067011535167694,0
23376,382.417,0,0.3153499762217204,0.32125985622406006,0
23388,382.614,0,0.3236816426118215,0.31808891892433167,0
23400,382.81,0,0.3191903432210286,0.33169615268707275,0
23412,383.006,0,0.31575602293014526,0.3077859580516815,0
23424,383.203,0,0.27261445422967273,0.3077859580516815,0
23436,383.399,0,0.26188652217388153,0.2022714465856552,0
23448,383.595,0,0.22671501835187277,0.27560216188430786,0
23460,383.792,0,0.22206002473831177,0.2022714465856552,0
23472,383.988,0,0.19613791008790335,0.18830646574497223,0
23484,384.184,0,0.19329530000686646,0.19783581793308258,0
23496,384.38,0,0.19685429831345877,0.19374361634254456,0
23508,384.577,0,0.20565250515937805,0.19898346066474915,0
23520,384.773,0,0.22234520316123962,0.22423043847084045,0
23532,384.969,0,0.29963526129722595,0.24382171034812927,0
23544,385.166,0,0.3687414328257243,0.43085363507270813,0
23556,385.362,0,0.430781751871109,0.43154895305633545,0
23568,385.558,0,0.4302465518315633,0.42994266748428345,0
23580,385.755,0,0.45792492230733234,0.42924803495407104,0
23592,385.951,0,0.4576933781305949,0.5145840644836426,0
23604,386.147,0,0.4576933781305949,0.42924803495407104,0
23616,386.344,0,0.42924803495407104,0.42924803495407104,0
23628,386.54,1,0.42924803495407104,0.42924803495407104,0
23640,386.736,1,0.42924803495407104,0.42924803495407104,0
23652,386.933,1,0.42924803495407104,0.42924803495407104,0
23664,387.129,1,0.4415691097577413,0.42924803495407104,0
23676,387.325,1,0.46170589327812195,0.4662112593650818,0
23688,387.521,1,0.4818426767985026,0.489658385515213,0
23700,387.718,1,0.489658385515213,0.489658385515213,0
23712,387.914,1,0.4703770875930786,0.489658385515213,0
23724,388.11,1,0.45218687256177265,0.4318144917488098,0
23736,388.307,1,0.439891239007314,0.43508774042129517,0
23748,388.503,0,0.4409823218981425,0.45277148485183716,0
23760,388.699,0,0.439891239007314,0.43508774042129517,0
23772,388.896,0,0.45218687256177265,0.4318144917488098,0
23784,389.092,0,0.4714192549387614,0.489658385515213,0
23796,389.288,0,0.5066153407096863,0.49278488755226135,1
23808,389.485,0,0.4864785571893056,0.5374027490615845,0
23820,389.681,0,0.4678341746330261,0.42924803495407104,0
23832,389.877,0,0.3685990621646245,0.43685173988342285,0
23844,390.074,0,0.2597616910934448,0.2396974116563797,0
23856,390.27,0,0.14445682366689047,0.10273592174053192,0
23868,390.466,0,0.08795441687107086,0.09093713760375977,0
23880,390.662,0,0.08287439495325089,0.0701901912689209,0
23892,390.859,0,0.18796743700901666,0.08749585598707199,0
23904,391.055,0,0.233265387515227,0.40621626377105713,0
23916,391.251,0,0.2633979717890422,0.20608404278755188,0
23928,391.448,0,0.22889435291290283,0.17789360880851746,0
23940,391.644,0,0.26429452498753864,0.30270540714263916,0
23952,391.84,0,0.2964767316977183,0.31228455901145935,0
23964,392.037,0,0.2441133956114451,0.2744402289390564,0
23976,392.233,0,0.163422591984272,0.14561539888381958,0
23988,392.429,0,0.1821107640862465,0.07021214812994003,0
24000,392.626,0,0.1673799380660057,0.33050474524497986,0
24012,392.822,0,0.18599970638751984,0.10142292082309723,0
24024,393.018,0,0.22581104934215546,0.12607145309448242,0
24036,393.215,0,0.2257811725139618,0.4499387741088867,0
24048,393.411,0,0.2117262358466784,0.10133329033851624,0
24060,393.607,0,0.1563542659084002,0.0839066430926323,0
24072,393.803,0,0.22375704596439996,0.2838228642940521,0
24084,394.0,0,0.21755115687847137,0.3035416305065155,0
24096,394.196,0,0.22141118347644806,0.0652889758348465,0
24108,394.392,0,0.21384661893049875,0.2954029440879822,0
24120,394.589,0,0.3692549765110016,0.2808479368686676,0
24132,394.785,0,0.44540277123451233,0.531514048576355,0
24144,394.981,0,0.5309210419654846,0.5238463282585144,1
24156,395.178,0,0.49683237075805664,0.5374027490615845,0
24168,395.374,0,0.4678341746330261,0.42924803495407104,0
24180,395.57,0,0.4343171715736389,0.43685173988342285,0
24192,395.767,0,0.4343171715736389,0.43685173988342285,0
24204,395.963,0,0.43489354848861694,0.42924803495407104,0
24216,396.159,0,0.4328941802183787,0.43858087062835693,0
24228,396.356,0,0.4336611529191335,0.43085363507270813,0
24240,396.552,0,0.46025559306144714,0.43154895305633545,0
24252,396.748,0,0.48942577838897705,0.5183641910552979,0
24264,396.944,0,0.5183641910552979,0.5183641910552979,1
24276,397.141,0,0.5006733536720276,0.5183641910552979,1
24288,397.337,0,0.47096796830495197,0.46529167890548706,0
24300,397.533,0,0.44379715124766034,0.42924803495407104,0
24312,397.73,0,0.4343171715736389,0.43685173988342285,0
24324,397.926,0,0.4343171715736389,0.43685173988342285,0
24336,398.122,0,0.431782603263855,0.42924803495407104,0
24348,398.319,0,0.42924803495407104,0.42924803495407104,0
24360,398.515,0,0.42924803495407104,0.42924803495407104,0
24372,398.711,0,0.42924803495407104,0.42924803495407104,0
24384,398.908,0,0.42924803495407104,0.42924803495407104,0
24396,399.104,0,0.42924803495407104,0.42924803495407104,0
24408,399.3,0,0.42924803495407104,0.42924803495407104,0
24420,399.497,0,0.42924803495407104,0.42924803495407104,0
24432,399.693,0,0.42924803495407104,0.42924803495407104,0
24444,399.889,0,0.34542398651440936,0.42924803495407104,0
24456,400.085,0,0.26159993807474774,0.17777588963508606,0
24468,400.282,0,0.19522103667259216,0.17777588963508606,0
24480,400.478,0,0.20828633507092795,0.23011133074760437,0
24492,400.674,0,0.2122254619995753,0.21697178483009338,0
24504,400.871,0,0.20546817282835642,0.18959327042102814,0
24516,401.067,0,0.20448329051335654,0.20983946323394775,0
24528,401.263,0,0.21569560964902243,0.2140171378850937,0
24540,401.46,0,0.2148162672917048,0.22323022782802582,0
24552,401.656,0,0.2055060863494873,0.20720143616199493,0
24564,401.852,0,0.19312487542629242,0.18608659505844116,0
24576,402.049,0,0.18608659505844116,0.18608659505844116,0
24588,402.245,0,0.19312487542629242,0.18608659505844116,0
24600,402.441,0,0.23232628405094147,0.20720143616199493,0
24612,402.638,0,0.25182877480983734,0.3036908209323883,0
24624,402.834,0,0.2838858962059021,0.24459406733512878,0
24636,403.03,0,0.2664088209470113,0.3033728003501892,0
24648,403.226,0,0.24830855429172516,0.25125959515571594,0
24660,403.423,0,0.21231805781523386,0.19029326736927032,0
24672,403.619,0,0.2100962152083715,0.19540131092071533,0
24684,403.815,0,0.22959239284197488,0.24459406733512878,0
24696,404.012,0,0.24665032823880514,0.24878180027008057,0
24708,404.208,0,0.2442564219236374,0.24657511711120605,0
24720,404.404,0,0.2652145177125931,0.23741234838962555,0
24732,404.601,0,0.287145401040713,0.31165608763694763,0
24744,404.797,0,0.29427088300387066,0.3123677670955658,0
24756,404.993,0,0.20867306490739188,0.2587887942790985,0
24768,405.19,0,0.12629223118225733,0.05486263334751129,0
24780,405.386,0,0.059461733947197594,0.0652252659201622,0
24792,405.582,0,0.05702435846130053,0.058297302573919296,0
24804,405.779,0,0.05812116339802742,0.0475505068898201,0
24816,405.975,0,0.05442980180184046,0.06851568073034286,0
24828,406.171,0,0.05761930967370669,0.04722321778535843,0
24840,406.367,0,0.05186913534998894,0.05711903050541878,0
24852,406.564,0,0.05940495307246844,0.051265157759189606,0
24864,406.76,0,0.058927385757366814,0.06983067095279694,0
24876,406.956,0,0.05912440394361814,0.05568632856011391,0
24888,407.153,0,0.053415730595588684,0.05185621231794357,0
24900,407.349,0,0.051412573705116905,0.05270465090870857,0
24912,407.545,0,0.04991959532101949,0.04967685788869858,0
24924,407.742,0,0.0539074478050073,0.04737727716565132,0
24936,407.938,0,0.06896110003193219,0.064668208360672,0
24948,408.134,0,0.07375641539692879,0.09483781456947327,0
24960,408.331,0,0.07499444608887036,0.0617632232606411,0
24972,408.527,0,0.08803375686208408,0.06838230043649673,0
24984,408.723,0,0.127559262017409,0.13395574688911438,0
24996,408.92,0,0.12663713345925012,0.1803397387266159,0
25008,409.116,0,0.1101928452650706,0.06561591476202011,0
25020,409.312,0,0.07825368891159694,0.08462288230657578,0
25032,409.508,0,0.08667238056659698,0.08452226966619492,0
25044,409.705,0,0.10792203495899837,0.09087198972702026,0
25056,409.901,0,0.14852177600065866,0.1483718454837799,0
25068,410.097,0,0.18420971433321634,0.20632149279117584,0
25080,410.294,0,0.2050566722949346,0.1979358047246933,0
25092,410.49,0,0.20575436453024545,0.21091271936893463,0
25104,410.686,0,0.20455045998096466,0.20841456949710846,0
25116,410.883,0,0.2037177433570226,0.1943240910768509,0
25128,411.079,0,0.2037177433570226,0.20841456949710846,0
25140,411.275,0,0.21044530967871347,0.20841456949710846,0
25152,411.472,0,0.2124760498603185,0.21450679004192352,0
25164,411.668,0,0.2197964390118917,0.21450679004192352,0
25176,411.864,0,0.277502899368604,0.230375736951828,0
25188,412.061,0,0.312693456808726,0.38762617111206055,0
25200,412.257,0,0.31665313243865967,0.32007846236228943,0
25212,412.453,0,0.28516090909639996,0.24225476384162903,0
25224,412.65,0,0.2661459545294444,0.29314950108528137,0
25236,412.846,0,0.2690836886564891,0.26303359866142273,0
25248,413.042,0,0.23231888314088187,0.25106796622276306,0
25260,413.238,0,0.20617131888866425,0.18285508453845978,0
25272,413.435,0,0.19496678312619528,0.1845909059047699,0
25284,413.631,0,0.20227119823296866,0.21745435893535614,0
25296,413.827,0,0.21906961500644684,0.2047683298587799,0
25308,414.024,0,0.21462024748325348,0.23498615622520447,0
25320,414.22,0,0.2257040192683538,0.20410625636577606,0
25332,414.416,0,0.2267917295296987,0.2380196452140808,0
25344,414.613,0,0.23503762483596802,0.2382492870092392,0
25356,414.809,0,0.1786645253499349,0.22884394228458405,0
25368,415.005,0,0.12031659732262294,0.06890034675598145,0
25380,415.202,0,0.0647456521789233,0.06320550292730331,0
25392,415.398,0,0.06271126369635265,0.06213110685348511,0
25404,415.594,0,0.059979585309823356,0.0627971813082695,0
25416,415.791,0,0.10587128251791,0.055010467767715454,0
25428,415.987,0,0.15633024275302887,0.19980619847774506,0
25440,416.183,0,0.17652776837348938,0.2141740620136261,0
25452,416.379,0,0.14485187331835428,0.11560304462909698,0
25464,416.576,0,0.15350462992986044,0.10477851331233978,0
25476,416.772,0,0.17881882190704346,0.24013233184814453,0
25488,416.968,0,0.16219589859247208,0.19154562056064606,0
25500,417.165,0,0.10285999501744907,0.05490974336862564,0
25512,417.361,0,0.060749745617310204,0.062124621123075485,0
25524,417.557,0,0.06448418522874515,0.06521487236022949,0
25536,417.754,0,0.07177631556987762,0.06611306220293045,0
25548,417.95,0,0.07311607897281647,0.08400101214647293,0
25560,418.146,0,0.07630952447652817,0.06923416256904602,0
25572,418.343,0,0.10403305788834889,0.07569339871406555,0
25584,418.539,0,0.16329004367192587,0.16717161238193512,0
25596,418.735,0,0.2255020240942637,0.24700511991977692,0
25608,418.932,0,0.29283686975638074,0.2623293399810791,0
25620,419.128,0,0.23152261475721994,0.36917614936828613,0
25632,419.324,0,0.22436832884947458,0.06306235492229462,0
25644,419.52,0,0.18754571179548898,0.24086648225784302,0
25656,419.717,0,0.288242369890213,0.25870829820632935,0
25668,419.913,0,0.29418686032295227,0.3651523292064667,0
25680,420.109,0,0.2963228424390157,0.2586999535560608,0
25692,420.306,0,0.2364873637755712,0.26511624455451965,0
25704,420.502,0,0.2244071513414383,0.18564589321613312,0
25716,420.698,0,0.1618085280060768,0.2224593162536621,0
25728,420.895,0,0.12851128727197647,0.07732037454843521,0
25740,421.091,0,0.0938844953974088,0.08575417101383209,0
25752,421.287,0,0.10763735075791676,0.1185789406299591,0
25764,421.484,0,0.1094069853425026,0.1185789406299591,0
25776,421.68,0,0.10206527262926102,0.09106307476758957,0
25788,421.876,0,0.11832953741153081,0.09655380249023438,0
25800,422.073,0,0.15002955496311188,0.1673717349767685,0
25812,422.269,0,0.18443863093852997,0.18616312742233276,0
25824,422.465,0,0.19524172941843668,0.19978103041648865,0
25836,422.661,0,0.19978103041648865,0.19978103041648865,0
25848,422.858,0,0.20019671817620596,0.19978103041648865,0
25860,423.054,0,0.19793963929017386,0.20102809369564056,0
25872,423.25,0,0.19211949904759726,0.19300979375839233,0
25884,423.447,0,0.14335001011689505,0.18232060968875885,0
25896,423.643,0,0.09901135290662448,0.054719626903533936,0
25908,423.839,0,0.055694371461868286,0.05999382212758064,0
25920,424.036,0,0.054113304863373436,0.05236966535449028,0
25932,424.232,0,0.05077417319019636,0.04997642710804939,0
25944,424.428,0,0.05064074198404948,0.04997642710804939,0
25956,424.625,0,0.05141707882285118,0.05196937173604965,0
25968,424.821,0,0.052551952501138054,0.0523054376244545,0
25980,425.017,0,0.052332233637571335,0.053381048142910004,0
25992,425.214,0,0.05551308145125707,0.0513102151453495,0
26004,425.41,0,0.053820362935463585,0.061847981065511703,0
26016,425.606,0,0.05460235973199209,0.048302892595529556,0
26028,425.802,0,0.05504100893934568,0.053656205534935,0
26040,425.999,0,0.05785116677482923,0.06316392868757248,0
26052,426.195,0,0.061632500340541206,0.05673336610198021,0
26064,426.391,0,0.059634700417518616,0.06500020623207092,0
26076,426.588,0,0.060476316759983696,0.057170528918504715,0
26088,426.784,0,0.057202987372875214,0.05925821512937546,0
26100,426.98,0,0.057010808338721596,0.05518021807074547,0
26112,427.177,0,0.056548566867907844,0.056593991816043854,0
26124,427.373,0,0.057253884772459664,0.057871490716934204,0
26136,427.569,0,0.0626909186442693,0.05729617178440094,0
26148,427.766,0,0.06565005828936894,0.07290509343147278,0
26160,427.962,0,0.06570308655500412,0.06674890965223312,0
26172,428.158,0,0.06092822924256325,0.05745525658130646,0
26184,428.355,0,0.05800906692941984,0.05858052149415016,0
26196,428.551,0,0.054566060503323875,0.05799142271280289,0
26208,428.747,0,0.051383030911286674,0.04712623730301857,0
26220,428.943,0,0.04833583037058512,0.04903143271803856,0
26232,429.14,0,0.04946187883615494,0.04884982109069824,0
26244,429.336,0,0.05128701527913412,0.05050438269972801,0
26256,429.532,0,0.052276939153671265,0.05450684204697609,0
26268,429.729,0,0.051980338990688324,0.05181959271430969,0
26280,429.925,0,0.17689406995971999,0.04961458221077919,0
26292,430.121,0,0.3027035507063071,0.42924803495407104,0
26304,430.318,0,0.42924803495407104,0.42924803495407104,0
26316,430.514,0,0.42924803495407104,0.42924803495407104,0
26328,430.71,0,0.42924803495407104,0.42924803495407104,0
26340,430.907,0,0.42924803495407104,0.42924803495407104,0
26352,431.103,0,0.42924803495407104,0.42924803495407104,0
26364,431.299,0,0.42924803495407104,0.42924803495407104,0
26376,431.496,0,0.42924803495407104,0.42924803495407104,0
26388,431.692,0,0.42924803495407104,0.42924803495407104,0
26400,431.888,0,0.42924803495407104,0.42924803495407104,0
26412,432.084,0,0.42924803495407104,0.42924803495407104,0
26424,432.281,0,0.42924803495407104,0.42924803495407104,0
26436,432.477,0,0.42924803495407104,0.42924803495407104,0
26448,432.673,0,0.42924803495407104,0.42924803495407104,0
26460,432.87,0,0.42924803495407104,0.42924803495407104,0
26472,433.066,0,0.42924803495407104,0.42924803495407104,0
26484,433.262,0,0.42924803495407104,0.42924803495407104,0
26496,433.459,0,0.42924803495407104,0.42924803495407104,0
26508,433.655,0,0.42924803495407104,0.42924803495407104,0
26520,433.851,0,0.42924803495407104,0.42924803495407104,0
26532,434.048,0,0.42924803495407104,0.42924803495407104,0
26544,434.244,0,0.42924803495407104,0.42924803495407104,0
26556,434.44,0,0.42924803495407104,0.42924803495407104,0
26568,434.637,0,0.42924803495407104,0.42924803495407104,0
26580,434.833,0,0.3519536852836609,0.42924803495407104,0
26592,435.029,0,0.28513383865356445,0.19736498594284058,0
26604,435.225,0,0.23197931051254272,0.22878849506378174,0
26616,435.422,0,0.24471143881479898,0.26978445053100586,0
26628,435.618,0,0.23638991018136343,0.23556137084960938,0
26640,435.814,0,0.20896094044049582,0.20382390916347504,0
26652,436.011,0,0.19435001413027445,0.18749754130840302,0
26664,436.207,0,0.19659472008546194,0.1917285919189453,0
26676,436.403,0,0.19978144764900208,0.21055802702903748,0
26688,436.6,0,0.2116918464501699,0.19705772399902344,0
26700,436.796,0,0.21760696669419607,0.22745978832244873,0
26712,436.992,0,0.224124014377594,0.22830338776111603,0
26724,437.189,0,0.21388075252374014,0.21660886704921722,0
26736,437.385,0,0.20202532907327017,0.19673000276088715,0
26748,437.581,0,0.19121119379997253,0.19273711740970612,0
26760,437.778,0,0.18644576768080393,0.18416646122932434,0
26772,437.974,0,0.1879277527332306,0.18243372440338135,0
26784,438.17,0,0.19197325905164084,0.19718307256698608,0
26796,438.366,0,0.19745317101478577,0.19630298018455505,0
26808,438.563,0,0.19282808403174082,0.19887346029281616,0
26820,438.759,0,0.18849636117617288,0.18330781161785126,0
26832,438.955,0,0.18330781161785126,0.18330781161785126,0
26844,439.152,0,0.18350496391455332,0.18330781161785126,0
26856,439.348,0,0.1837021162112554,0.18389926850795746,0
26868,439.544,0,0.18389926850795746,0.18389926850795746,0
26880,439.741,0,0.18389926850795746,0.18389926850795746,0
26892,439.937,0,0.14044075210889181,0.18389926850795746,0
26904,440.133,0,0.09533678740262985,0.0535237193107605,0
26916,440.33,0,0.0502328226963679,0.0485873743891716,0
26928,440.526,0,0.0485873743891716,0.0485873743891716,0
26940,440.722,0,0.0485873743891716,0.0485873743891716,0
26952,440.919,0,0.0525810569524765,0.0485873743891716,0
26964,441.115,0,0.06180036813020706,0.060568422079086304,0
26976,441.311,0,0.06521421546737353,0.07624530792236328,0
26988,441.507,0,0.06240596125523249,0.058828916400671005,0
27000,441.704,0,0.052159812301397324,0.05214365944266319,0
27012,441.9,0,0.047719127188126244,0.04550686106085777,0
27024,442.096,0,0.04660836234688759,0.04550686106085777,0
27036,442.293,0,0.0467664860188961,0.04881136491894722,0
27048,442.489,0,0.051329173147678375,0.045981232076883316,0
27060,442.685,1,0.050315250953038536,0.05919492244720459,0
27072,442.882,1,0.05024470637241999,0.045769598335027695,0
27084,443.078,1,0.04713510597745577,0.045769598335027695,0
27096,443.274,1,0.051377626756827034,0.049866121262311935,0
27108,443.471,1,0.09279126301407814,0.05849716067314148,0
27120,443.667,1,0.1405112346013387,0.170010507106781,0
27132,443.863,1,0.19429859519004822,0.19302603602409363,0
27144,444.06,1,0.17820400993029276,0.21985924243927002,0
27156,444.256,1,0.13887273768583933,0.12172675132751465,0
27168,444.452,1,0.09544326364994049,0.07503221929073334,0
27180,444.648,0,0.0749698815246423,0.08957082033157349,0
27192,444.845,0,0.1930418200790882,0.0603066049516201,0
27204,445.041,0,0.3062675582865874,0.42924803495407104,0
27216,445.237,0,0.42924803495407104,0.42924803495407104,0
27228,445.434,0,0.42924803495407104,0.42924803495407104,0
27240,445.63,0,0.42924803495407104,0.42924803495407104,0
27252,445.826,0,0.42924803495407104,0.42924803495407104,0
27264,446.023,0,0.42924803495407104,0.42924803495407104,0
27276,446.219,0,0.42924803495407104,0.42924803495407104,0
27288,446.415,0,0.42924803495407104,0.42924803495407104,0
27300,446.612,0,0.42924803495407104,0.42924803495407104,0
27312,446.808,0,0.42947957913080853,0.42924803495407104,0
27324,447.004,0,0.42947957913080853,0.42994266748428345,0
27336,447.201,0,0.42947957913080853,0.42924803495407104,0
27348,447.397,0,0.42924803495407104,0.42924803495407104,0
27360,447.593,0,0.42924803495407104,0.42924803495407104,0
27372,447.789,0,0.42924803495407104,0.42924803495407104,0
27384,447.986,0,0.42924803495407104,0.42924803495407104,0
27396,448.182,0,0.42924803495407104,0.42924803495407104,0
27408,448.378,0,0.42924803495407104,0.42924803495407104,0
27420,448.575,0,0.42924803495407104,0.42924803495407104,0
27432,448.771,0,0.42924803495407104,0.42924803495407104,0
27444,448.967,0,0.42924803495407104,0.42924803495407104,0
27456,449.164,0,0.42924803495407104,0.42924803495407104,0
27468,449.36,0,0.42924803495407104,0.42924803495407104,0
27480,449.556,0,0.42924803495407104,0.42924803495407104,0
27492,449.753,0,0.42924803495407104,0.42924803495407104,0
27504,449.949,0,0.29623936613400775,0.42924803495407104,0
27516,450.145,0,0.16193985007703304,0.030222028493881226,0
27528,450.342,0,0.028954400991400082,0.026349486783146858,0
27540,450.538,0,0.028407400473952293,0.030291687697172165,0
27552,450.734,0,0.028240830327073734,0.028581026941537857,0
27564,450.93,0,0.027725834399461746,0.025849776342511177,0
27576,451.127,0,0.030056035766998928,0.028746699914336205,0
27588,451.323,0,0.0676060871531566,0.0355716310441494,0
27600,451.519,0,0.09872140859564145,0.1384999305009842,0
27612,451.716,0,0.13964551190535227,0.12209266424179077,0
27624,451.912,0,0.10930648197730382,0.15834394097328186,0
27636,452.108,0,0.08376522113879521,0.04748284071683884,0
27648,452.305,0,0.042440079152584076,0.045468881726264954,0
27660,452.501,0,0.036473977069060005,0.03436851501464844,0
27672,452.697,0,0.03138097810248534,0.029584534466266632,0
27684,452.894,0,0.029786317919691403,0.030189884826540947,0
27696,453.09,0,0.02908787503838539,0.029584534466266632,0
27708,453.286,0,0.028476941709717114,0.027489205822348595,0
27720,453.483,0,0.027331427360574406,0.028357084840536118,0
27732,453.679,0,0.026884355892737705,0.0261479914188385,0
27744,453.875,0,0.02573401729265849,0.0261479914188385,0
27756,454.072,0,0.026559447248776753,0.024906069040298462,0
27768,454.268,0,0.02663468010723591,0.0286242812871933,0
27780,454.464,0,0.031031001980106037,0.026373689994215965,0
27792,454.66,0,0.03424042773743471,0.038095034658908844,0
27804,454.857,0,0.09282780811190605,0.038252558559179306,0
27816,455.053,0,0.15925933296481767,0.20213583111763,0
27828,455.249,0,0.22356934348742166,0.23738960921764374,0
27840,455.446,0,0.2287657012542089,0.23118259012699127,0
27852,455.642,0,0.21963138381640115,0.21772490441799164,0
27864,455.838,0,0.21344232062498728,0.20998665690422058,0
27876,456.035,0,0.2189791053533554,0.21261540055274963,0
27888,456.231,0,0.2224726378917694,0.234335258603096,0
27900,456.427,0,0.22592678169409433,0.22046725451946259,0
27912,456.624,0,0.21544216573238373,0.22297783195972443,0
27924,456.82,0,0.20886783301830292,0.20288141071796417,0
27936,457.016,0,0.20145664115746817,0.20074425637722015,0
27948,457.213,0,0.21024023493131003,0.20074425637722015,0
27960,457.409,0,0.24132750928401947,0.22923219203948975,0
27972,457.605,0,0.2626353402932485,0.2940060794353485,0
27984,457.801,0,0.2957878112792969,0.2646677494049072,0
27996,457.998,0,0.2879735032717387,0.3286896049976349,0
28008,458.194,0,0.2671469549338023,0.27056315541267395,0
28020,458.39,0,0.22497978806495667,0.20218810439109802,0
28032,458.587,0,0.20304291447003683,0.20218810439109802,0
28044,458.783,0,0.3066709041595459,0.20475253462791443,0
28056,458.979,0,0.3042365213235219,0.5130720734596252,0
28068,459.176,0,0.2994048098723094,0.19488495588302612,0
28080,459.372,0,0.19453052679697672,0.19025740027427673,0
28092,459.568,0,0.19867320358753204,0.19844922423362732,0
28104,459.765,0,0.20029290517171225,0.20731298625469208,0
28116,459.961,0,0.15507924308379492,0.19511650502681732,0
28128,460.157,0,0.11005314439535141,0.06280823796987534,0
28140,460.354,0,0.06611840426921844,0.07223469018936157,0
28152,460.55,0,0.0654379352927208,0.06331228464841843,0
28164,460.746,0,0.06154828270276388,0.060766831040382385,0
28176,460.942,0,0.06063276529312134,0.060565732419490814,0
28188,461.139,0,0.061360329389572144,0.060565732419490814,0
28200,461.335,0,0.06215492635965347,0.0629495233297348,0
28212,461.531,0,0.0629495233297348,0.0629495233297348,0
28224,461.728,0,0.0629495233297348,0.0629495233297348,0
28236,461.924,0,0.0629495233297348,0.0629495233297348,0
28248,462.12,0,0.0629495233297348,0.0629495233297348,0
28260,462.317,0,0.0629495233297348,0.0629495233297348,0
28272,462.513,0,0.0629495233297348,0.0629495233297348,0
28284,462.709,0,0.059651618202527366,0.0629495233297348,0
28296,462.906,0,0.05749874686201414,0.05305580794811249,0
28308,463.102,0,0.05700890471537908,0.056490909308195114,0
28320,463.298,0,0.05981696769595146,0.061479996889829636,0
28332,463.495,0,0.05981696769595146,0.061479996889829636,0
28344,463.691,0,0.05700890471537908,0.056490909308195114,0
28356,463.887,0,0.055272611478964485,0.05305580794811249,0
28368,464.083,0,0.05412757769227028,0.05627111718058586,0
28380,464.28,0,0.05412757769227028,0.05305580794811249,0
28392,464.476,0,0.05305580794811249,0.05305580794811249,0
28404,464.672,0,0.05309749146302541,0.05305580794811249,0
28416,464.869,0,0.17872644464174905,0.05318085849285126,0
28428,465.065,0,0.3043553978204727,0.42994266748428345,0
28440,465.261,0,0.42971112330754596,0.42994266748428345,0
28452,465.458,0,0.42947957913080853,0.42924803495407104,0
28464,465.654,0,0.42924803495407104,0.42924803495407104,0
28476,465.85,0,0.42924803495407104,0.42924803495407104,0
28488,466.047,0,0.42924803495407104,0.42924803495407104,0
28500,466.243,0,0.42947957913080853,0.42924803495407104,0
28512,466.439,0,0.42947957913080853,0.42994266748428345,0
28524,466.636,0,0.42947957913080853,0.42924803495407104,0
28536,466.832,0,0.42924803495407104,0.42924803495407104,0
28548,467.028,0,0.42924803495407104,0.42924803495407104,0
28560,467.224,0,0.42924803495407104,0.42924803495407104,0
28572,467.421,0,0.42978323499361676,0.42924803495407104,0
28584,467.617,0,0.4305502076943715,0.43085363507270813,0
28596,467.813,0,0.4522215723991394,0.43154895305633545,0
28608,468.01,0,0.45838427543640137,0.49426212906837463,0
28620,468.206,0,0.45761730273564655,0.449341744184494,0
28632,468.402,0,0.44264384110768634,0.42924803495407104,0
28644,468.599,0,0.4487410585085551,0.449341744184494,0
28656,468.795,0,0.4615361789862315,0.4676333963871002,0
28668,468.991,0,0.4615361789862315,0.4676333963871002,0
28680,469.188,0,0.45543896158536273,0.449341744184494,0
28692,469.384,0,0.449341744184494,0.449341744184494,0
28704,469.58,0,0.46406153837839764,0.449341744184494,0
28716,469.777,0,0.46406153837839764,0.49350112676620483,0
28728,469.973,0,0.334858904282252,0.449341744184494,0
28740,470.169,0,0.1872901258369287,0.06173384189605713,0
28752,470.365,0,0.05434404934446017,0.05079479143023491,0
28764,470.562,0,0.05054528887073199,0.05050351470708847,0
28776,470.758,0,0.050392878552277885,0.05033756047487259,0
28788,470.954,0,0.05033756047487259,0.05033756047487259,0
28800,471.151,0,0.05033756047487259,0.05033756047487259,0
28812,471.347,0,0.05033756047487259,0.05033756047487259,0
28824,471.543,0,0.05033756047487259,0.05033756047487259,0
28836,471.74,0,0.05059648801883062,0.05033756047487259,0
28848,471.936,0,0.05228189875682195,0.051114343106746674,0
28860,472.132,0,0.05861326058705648,0.05539379268884659,0
28872,472.329,0,0.06139673292636871,0.06933164596557617,0
28884,472.525,0,0.06654416273037593,0.05946476012468338,0
28896,472.721,0,0.11870047201712926,0.07083608210086823,0
28908,472.918,0,0.15827895204226175,0.22580057382583618,0
28920,473.114,0,0.19019834200541177,0.17820020020008087,0
28932,473.31,0,0.1404106244444847,0.1665942519903183,0
28944,473.506,0,0.12091559420029323,0.07643742114305496,0
28956,473.703,0,0.08364016935229301,0.11971510946750641,0
28968,473.899,0,0.07641702145338058,0.05476797744631767,0
28980,474.095,0,0.05476797744631767,0.05476797744631767,0
28992,474.292,0,0.05476797744631767,0.05476797744631767,0
29004,474.488,0,0.05476797744631767,0.05476797744631767,0
29016,474.684,0,0.05476797744631767,0.05476797744631767,0
29028,474.881,0,0.051972582936286926,0.05476797744631767,0
29040,475.077,0,0.0510093979537487,0.04638179391622543,0
29052,475.273,0,0.04912910237908363,0.051878422498703,0
29064,475.47,0,0.04912910237908363,0.049127090722322464,0
29076,475.666,0,0.048809964209795,0.04638179391622543,0
29088,475.862,0,0.04940793663263321,0.0509210079908371,0
29100,476.059,0,0.05579174061616262,0.0509210079908371,0
29112,476.255,0,0.05579174061616262,0.06553320586681366,0
29124,476.451,0,0.05476502329111099,0.0509210079908371,0
29136,476.647,0,0.04989429066578547,0.04784085601568222,0
29148,476.844,0,0.04886757334073385,0.0509210079908371,0
29160,477.04,0,0.04886757334073385,0.04784085601568222,0
29172,477.236,0,0.04784085601568222,0.04784085601568222,0
29184,477.433,0,0.04886757334073385,0.04784085601568222,0
29196,477.629,0,0.049168397982915245,0.0509210079908371,0
29208,477.825,0,0.055529408156871796,0.04874332994222641,0
29220,478.022,0,0.060863701005776726,0.06692388653755188,0
29232,478.218,0,0.06692388653755188,0.06692388653755188,0
29244,478.414,0,0.06646032631397247,0.06692388653755188,0
29256,478.611,0,0.06040014078219732,0.06553320586681366,0
29268,478.807,0,0.05993658055861791,0.04874332994222641,0
29280,479.003,0,0.060340849061807,0.06553320586681366,0
29292,479.2,0,0.06634174287319183,0.06674601137638092,0
29304,479.396,0,0.06674601137638092,0.06674601137638092,0
29316,479.592,0,0.06674601137638092,0.06674601137638092,0
29328,479.788,0,0.06498780598243077,0.06674601137638092,0
29340,479.985,0,0.052226041754086815,0.06147139519453049,0
29352,480.181,0,0.03946427752574285,0.02846071869134903,0
29364,480.377,0,0.02846071869134903,0.02846071869134903,0
29376,480.574,0,0.02846071869134903,0.02846071869134903,0
29388,480.77,0,0.02846071869134903,0.02846071869134903,0
29400,480.966,0,0.02903880241016547,0.02846071869134903,0
29412,481.163,0,0.029526275272170704,0.030194969847798347,0
29424,481.359,0,0.030013748134175938,0.02992313727736473,0
29436,481.555,0,0.02992313727736473,0.02992313727736473,0
29448,481.752,0,0.0298918013771375,0.02992313727736473,0
29460,481.948,0,0.031210412581761677,0.029829129576683044,0
29472,482.144,0,0.03173378979166349,0.03387897089123726,0
29484,482.341,0,0.041372245798508324,0.03149326890707016,0
29496,482.537,0,0.05340017875035604,0.05874449759721756,0
29508,482.733,0,0.13520439714193344,0.0699627697467804,0
29520,482.929,0,0.13613150641322136,0.27690592408180237,0
29532,483.126,0,0.1326495793958505,0.061525825411081314,0
29544,483.322,0,0.05104248598217964,0.059516988694667816,0
29556,483.518,0,0.04101136947671572,0.032084643840789795,0
29568,483.715,0,0.040302880108356476,0.03143247589468956,0
29580,483.911,0,0.03901893583436807,0.05739152058959007,0
29592,484.107,0,0.03819808488090833,0.028232811018824577,0
29604,484.304,0,0.029099729532996815,0.02896992303431034,0
29616,484.5,0,0.030259476353724796,0.030096454545855522,0
29628,484.696,0,0.030314510688185692,0.03171205148100853,0
29640,484.893,0,0.03969614083568255,0.029135026037693024,0
29652,485.089,0,0.05052125702301661,0.0582413449883461,0
29664,485.285,0,0.08411187926928203,0.06418740004301071,0
29676,485.482,0,0.10282016048828761,0.12990689277648926,0
29688,485.678,0,0.1430510381857554,0.11436618864536285,0
29700,485.874,0,0.12995230158170065,0.18488003313541412,0
29712,486.07,0,0.130012017985185,0.09061068296432495,0
29724,486.267,0,0.11015330006678899,0.11454533785581589,0
29736,486.463,0,0.17315364132324854,0.12530387938022614,0
29748,486.659,0,0.2597146878639857,0.2796117067337036,0
29760,486.856,0,0.3206062614917755,0.37422847747802734,0
29772,487.052,0,0.2703002194563548,0.3079786002635956,0
29784,487.248,0,0.218448335925738,0.1286935806274414,0
29796,487.445,0,0.17021293441454569,0.21867282688617706,0
29808,487.641,0,0.16634137680133185,0.16327239573001862,0
29820,487.837,0,0.12016426026821136,0.11707890778779984,0
29832,488.034,0,0.1351190855105718,0.08014147728681564,0
29844,488.23,0,0.12006525198618571,0.20813687145709991,0
29856,488.426,0,0.11952652037143707,0.07191740721464157,0
29868,488.623,0,0.0794856200615565,0.07852528244256973,0
29880,488.819,0,0.08485120783249538,0.08801417052745819,0
29892,489.015,0,0.08801417052745819,0.08801417052745819,0
29904,489.211,0,0.08801417052745819,0.08801417052745819,0
29916,489.408,0,0.08801417052745819,0.08801417052745819,0
29928,489.604,0,0.08801417052745819,0.08801417052745819,0
29940,489.8,0,0.08617682258288066,0.08801417052745819,0
29952,489.997,0,0.08606117715438207,0.08250212669372559,0
29964,490.193,0,0.08606117715438207,0.08766723424196243,0
29976,490.389,0,0.08606117715438207,0.08801417052745819,0
29988,490.586,0,0.08433947463830312,0.08250212669372559,0
30000,490.782,0,0.08422382920980453,0.08250212669372559,0
30012,490.978,0,0.08594553172588348,0.08766723424196243,0
30024,491.175,0,0.08766723424196243,0.08766723424196243,0
30036,491.371,0,0.08594553172588348,0.08766723424196243,0
30048,491.567,0,0.08422382920980453,0.08250212669372559,0
30060,491.764,0,0.07943605134884517,0.08250212669372559,0
30072,491.96,0,0.07590781152248383,0.07330390065908432,0
30084,492.156,0,0.07517990221579869,0.07191740721464157,0
30096,492.353,0,0.08066659917434056,0.0803183987736702,0
30108,492.549,0,0.09241537749767303,0.08976399153470993,0
30120,492.745,0,0.10869329422712326,0.10716374218463898,0
30132,492.941,0,0.11233392854531606,0.12915214896202087,0
30144,493.138,0,0.10050971806049347,0.10068589448928833,0
30156,493.334,0,0.08358037223418553,0.0716911107301712,0
30168,493.53,0,0.06740284090240796,0.07836411148309708,0
30180,493.727,0,0.07265521213412285,0.05215330049395561,0
30192,493.923,0,0.07719275479515393,0.08744822442531586,0
30204,494.119,0,0.07904789472619693,0.09197673946619034,0
30216,494.316,0,0.08988633379340172,0.05771872028708458,0
30228,494.512,0,0.1546630598604679,0.11996354162693024,0
30240,494.708,0,0.21550302704175314,0.2863069176673889,0
30252,494.905,0,0.30515701075394946,0.24023862183094025,0
30264,495.101,0,0.23510208477576575,0.3889254927635193,0
30276,495.297,0,0.24409859627485275,0.07614213973283768,0
30288,495.494,0,0.1362027848760287,0.2672281563282013,0
30300,495.69,0,0.13289573043584824,0.06523805856704712,0
30312,495.886,0,0.06265365829070409,0.0662209764122963,0
30324,496.082,0,0.06235666573047638,0.05650193989276886,0
30336,496.279,0,0.06051047146320343,0.06434708088636398,0
30348,496.475,0,0.05877041816711426,0.06068239361047745,0
30360,496.671,0,0.05282599354783694,0.05128178000450134,0
30372,496.868,0,0.05145261809229851,0.04651380702853203,0
30384,497.064,0,0.1846331370373567,0.05656226724386215,0
30396,497.26,0,0.24553157140811285,0.4508233368396759,0
30408,497.457,0,0.2672739227612813,0.22920911014080048,0
30420,497.653,0,0.14612576613823572,0.12178932130336761,0
30432,497.849,0,0.10223638514677684,0.08737886697053909,0
30444,498.046,0,0.12832370400428772,0.0975409671664238,0
30456,498.242,0,0.16027521342039108,0.20005127787590027,0
30468,498.438,0,0.1962534338235855,0.18323339521884918,0
30480,498.635,0,0.18114559849103293,0.20547562837600708,0
30492,498.831,0,0.16639878849188486,0.1547277718782425,0
30504,499.027,0,0.13342723002036413,0.13899296522140503,0
30516,499.223,0,0.10535855094591777,0.10656095296144485,0
30528,499.42,0,0.07890239730477333,0.07052173465490341,0
30540,499.616,0,0.0663974645237128,0.059624504297971725,0
30552,499.812,0,0.13706102843085924,0.06904615461826324,0
30564,500.009,0,0.19156175355116525,0.2825124263763428,0
30576,500.205,0,0.23821271459261575,0.22312667965888977,0
30588,500.401,0,0.21954619884490967,0.20899903774261475,0
30600,500.598,0,0.2131842722495397,0.2265128791332245,0
30612,500.794,0,0.21153155962626138,0.20404089987277985,0
30624,500.99,0,0.20404089987277985,0.20404089987277985,0
30636,501.187,0,0.20376043021678925,0.20404089987277985,0
30648,501.383,0,0.21227613588174185,0.20319949090480804,0
30660,501.579,0,0.2225904017686844,0.22958801686763763,0
30672,501.776,0,0.22985426584879556,0.23498369753360748,0
30684,501.972,0,0.22105809052785239,0.2249910831451416,0
30696,502.168,0,0.21046335498491922,0.20319949090480804,0
30708,502.364,0,0.20319949090480804,0.20319949090480804,0
30720,502.561,0,0.20319949090480804,0.20319949090480804,0
30732,502.757,0,0.20319949090480804,0.20319949090480804,0
30744,502.953,0,0.20319949090480804,0.20319949090480804,0
30756,503.15,0,0.20319949090480804,0.20319949090480804,0
30768,503.346,0,0.20319949090480804,0.20319949090480804,0
30780,503.542,0,0.20319949090480804,0.20319949090480804,0
30792,503.739,0,0.20319949090480804,0.20319949090480804,0
30804,503.935,0,0.20319949090480804,0.20319949090480804,0
30816,504.131,0,0.20349631706873575,0.20319949090480804,0
30828,504.328,0,0.20379314323266348,0.2040899693965912,0
30840,504.524,0,0.2040899693965912,0.2040899693965912,0
30852,504.72,0,0.21291352808475494,0.2040899693965912,0
30864,504.917,0,0.2879662166039149,0.23056064546108246,0
30876,505.113,0,0.36301890512307483,0.42924803495407104,0
30888,505.309,0,0.42924803495407104,0.42924803495407104,0
30900,505.505,0,0.42924803495407104,0.42924803495407104,0
30912,505.702,0,0.42924803495407104,0.42924803495407104,0
30924,505.898,0,0.42924803495407104,0.42924803495407104,0
30936,506.094,0,0.42924803495407104,0.42924803495407104,0
30948,506.291,0,0.42924803495407104,0.42924803495407104,0
30960,506.487,0,0.42924803495407104,0.42924803495407104,0
30972,506.683,0,0.42924803495407104,0.42924803495407104,0
30984,506.88,0,0.42924803495407104,0.42924803495407104,0
30996,507.076,0,0.42924803495407104,0.42924803495407104,0
31008,507.272,0,0.42924803495407104,0.42924803495407104,0
31020,507.469,0,0.42924803495407104,0.42924803495407104,0
31032,507.665,0,0.42924803495407104,0.42924803495407104,0
31044,507.861,0,0.42924803495407104,0.42924803495407104,0
31056,508.058,0,0.42924803495407104,0.42924803495407104,0
31068,508.254,0,0.42924803495407104,0.42924803495407104,0
31080,508.45,0,0.42924803495407104,0.42924803495407104,0
31092,508.646,0,0.42924803495407104,0.42924803495407104,0
31104,508.843,0,0.42924803495407104,0.42924803495407104,0
31116,509.039,0,0.42924803495407104,0.42924803495407104,0
31128,509.235,0,0.42924803495407104,0.42924803495407104,0
31140,509.432,0,0.42924803495407104,0.42924803495407104,0
31152,509.628,0,0.4506657322247823,0.42924803495407104,0
31164,509.824,0,0.4506657322247823,0.49350112676620483,0
31176,510.021,0,0.4506657322247823,0.42924803495407104,0
31188,510.217,0,0.42924803495407104,0.42924803495407104,0
31200,510.413,0,0.42978323499361676,0.42924803495407104,0
31212,510.61,0,0.4303184350331624,0.43085363507270813,0
31224,510.806,0,0.43085363507270813,0.43085363507270813,0
31236,511.002,0,0.43085363507270813,0.43085363507270813,0
31248,511.199,0,0.4303184350331624,0.43085363507270813,0
31260,511.395,0,0.42978323499361676,0.42924803495407104,0
31272,511.591,0,0.42924803495407104,0.42924803495407104,0
31284,511.787,0,0.42924803495407104,0.42924803495407104,0
31296,511.984,0,0.42924803495407104,0.42924803495407104,0
31308,512.18,0,0.42924803495407104,0.42924803495407104,0
31320,512.376,0,0.42924803495407104,0.42924803495407104,0
31332,512.573,0,0.42924803495407104,0.42924803495407104,0
31344,512.769,0,0.42924803495407104,0.42924803495407104,0
31356,512.965,0,0.42924803495407104,0.42924803495407104,0
31368,513.162,0,0.42924803495407104,0.42924803495407104,0
31380,513.358,0,0.42924803495407104,0.42924803495407104,0
31392,513.554,0,0.42924803495407104,0.42924803495407104,0
31404,513.751,0,0.42924803495407104,0.42924803495407104,0
31416,513.947,0,0.42924803495407104,0.42924803495407104,0
31428,514.143,0,0.42924803495407104,0.42924803495407104,0
31440,514.34,0,0.42978323499361676,0.42924803495407104,0
31452,514.536,0,0.4303184350331624,0.43085363507270813,0
31464,514.732,0,0.43085363507270813,0.43085363507270813,0
31476,514.928,0,0.43085363507270813,0.43085363507270813,0
31488,515.125,0,0.4587637782096863,0.43085363507270813,0
31500,515.321,0,0.48667392134666443,0.5145840644836426,0
31512,515.517,0,0.5145840644836426,0.5145840644836426,1
31524,515.714,0,0.4861387213071187,0.5145840644836426,0
31536,515.91,0,0.4861387213071187,0.42924803495407104,0
31548,516.106,0,0.4576933781305949,0.5145840644836426,0
31560,516.303,0,0.4576933781305949,0.42924803495407104,0
31572,516.499,0,0.42924803495407104,0.42924803495407104,0
31584,516.695,1,0.42924803495407104,0.42924803495407104,0
31596,516.892,1,0.4506657322247823,0.42924803495407104,0
31608,517.088,1,0.4926520188649495,0.49350112676620483,0
31620,517.284,1,0.5346383055051168,0.5552068948745728,1
31632,517.481,1,0.5552068948745728,0.5552068948745728,1
31644,517.677,1,0.5440726478894552,0.5552068948745728,1
31656,517.873,1,0.5329384009043375,0.52180415391922,1
31668,518.069,1,0.5189655224482218,0.52180415391922,1
31680,518.266,1,0.5137178897857666,0.5132882595062256,1
31692,518.462,1,0.5113111933072408,0.5060612559318542,1
31704,518.658,1,0.5117431282997131,0.5145840644836426,1
31716,518.855,1,0.5145840644836426,0.5145840644836426,1
31728,519.051,1,0.5145840644836426,0.5145840644836426,1
31740,519.247,1,0.528125007947286,0.5145840644836426,1
31752,519.444,1,0.5357312361399332,0.5552068948745728,1
31764,519.64,1,0.5433374643325806,0.5374027490615845,1
31776,519.836,1,0.5643019477526346,0.5374027490615845,1
31788,520.033,1,0.5606066385904948,0.6181003451347351,1
31800,520.229,1,0.6103766361872355,0.5263168215751648,1
31812,520.425,1,0.4639890839656194,0.6867127418518066,0
31824,520.622,0,0.3664747178554535,0.17893768846988678,0
31836,520.818,0,0.27023132642110187,0.23377372324466705,0
31848,521.014,0,0.39956336716810864,0.39798256754875183,0
31860,521.21,0,0.5307808220386505,0.566933810710907,1
31872,521.407,0,0.5785006880760193,0.6274260878562927,1
31884,521.603,0,0.4446551849444707,0.5411421656608582,0
31896,521.799,0,0.29788869619369507,0.1653973013162613,0
31908,521.996,0,0.17851966619491577,0.18712662160396576,0
31920,522.192,0,0.18383529782295227,0.18303507566452026,0
31932,522.388,0,0.380343034863472,0.1813441962003708,0
31944,522.585,0,0.5691140244404475,0.7766498327255249,1
31956,522.781,0,0.7107791105906168,0.7493480443954468,1
31968,522.977,0,0.6669679482777914,0.6063394546508789,1
31980,523.174,0,0.5858210523923238,0.6452163457870483,1
31992,523.37,0,0.4957457383473714,0.5059073567390442,0
32004,523.566,1,0.4141300519307454,0.33611351251602173,0
32016,523.763,1,0.3349381387233734,0.4003692865371704,0
32028,523.959,1,0.4701571563879649,0.2683316171169281,0
32040,524.155,1,0.589236706495285,0.7417705655097961,1
32052,524.351,1,0.7193764050801595,0.7576079368591309,1
32064,524.548,1,0.6691062251726786,0.6587507128715515,1
32076,524.744,1,0.6606253385543823,0.5909600257873535,1
32088,524.94,1,0.6681582729021708,0.7321652770042419,1
32100,525.137,1,0.7021307150522867,0.681349515914917,1
32112,525.333,1,0.7306058804194132,0.6928773522377014,1
32124,525.529,0,0.7418787280718485,0.8175907731056213,1
32136,525.726,0,0.5654750068982443,0.7151680588722229,1
32148,525.922,0,0.35081054270267487,0.16366618871688843,0
32160,526.118,0,0.17934206624825796,0.17359738051891327,0
32172,526.315,0,0.2010274181763331,0.20076262950897217,0
32184,526.511,0,0.20821286737918854,0.2287222445011139,0
32196,526.707,0,0.3037652224302292,0.19515372812747955,0
32208,526.904,0,0.3384210218985875,0.4874196946620941,0
32220,527.1,0,0.4463176627953847,0.33268964290618896,0
32232,527.296,0,0.36405054728190106,0.5188436508178711,0
32244,527.492,0,0.3013925353686015,0.24061834812164307,0
32256,527.689,0,0.185555766026179,0.14471560716629028,0
32268,527.885,0,0.2228702505429586,0.17133334279060364,0
32280,528.081,0,0.24762627482414246,0.3525618016719818,0
32292,528.278,0,0.30666714906692505,0.21898368000984192,0
32304,528.474,0,0.4443310797214508,0.3484559655189514,0
32316,528.67,0,0.6074002385139465,0.7655535936355591,1
32328,528.867,0,0.7894790172576904,0.7081911563873291,1
32340,529.063,0,0.8162718613942465,0.8946923017501831,1
32352,529.259,0,0.8622675538063049,0.845932126045227,1
32364,529.456,0,0.8262715140978495,0.8461782336235046,1
32376,529.652,0,0.8036398887634277,0.7867041826248169,1
32388,529.848,0,0.7631013989448547,0.7780372500419617,1
32400,530.045,0,0.7758041421572367,0.7245627641677856,1
32412,530.241,0,0.8038905461629232,0.8248124122619629,1
32424,530.437,0,0.8414947191874186,0.862296462059021,1
32436,530.633,1,0.8345691363016764,0.837375283241272,1
32448,530.83,1,0.8335431019465128,0.8040356636047363,1
32460,531.026,1,0.8349191546440125,0.8592183589935303,1
32472,531.222,1,0.8356686035792033,0.8415034413337708,1
32484,531.419,1,0.6948251028855642,0.8062840104103088,1
32496,531.615,1,0.524976005156835,0.4366878569126129,1
32508,531.811,1,0.3864883780479431,0.331956148147583,0
32520,532.008,1,0.5028748214244843,0.3908211290836334,1
32532,532.204,1,0.6373393436272939,0.7858471870422363,1
32544,532.4,1,0.7442041635513306,0.735349714756012,1
32556,532.597,0,0.7193936308224996,0.7114155888557434,1
32568,532.793,0,0.7112199266751608,0.7114155888557434,1
32580,532.989,0,0.7235872149467468,0.7108286023139954,1
32592,533.186,0,0.7546999454498291,0.7485174536705017,1
32604,533.382,0,0.6815599004427592,0.8047537803649902,1
32616,533.578,0,0.6033498644828796,0.49140846729278564,1
32628,533.775,0,0.49844590822855633,0.513887345790863,1
32640,533.971,0,0.5070029894510905,0.49004191160202026,1
32652,534.167,0,0.48979156215985614,0.5170797109603882,0
32664,534.363,0,0.42052750786145526,0.46225306391716003,0
32676,534.56,0,0.4987620214621226,0.2822497487068176,1
32688,534.756,0,0.5529674291610718,0.7517832517623901,1
32700,534.952,0,0.6304122010866801,0.6248692870140076,1
32712,535.149,0,0.564886748790741,0.5145840644836426,1
32724,535.345,0,0.5416659514109293,0.5552068948745728,1
32736,535.541,0,0.5552068948745728,0.5552068948745728,1
32748,535.738,0,0.5552068948745728,0.5552068948745728,1
32760,535.934,0,0.5492721796035767,0.5552068948745728,1
32772,536.13,0,0.5352993011474609,0.5374027490615845,1
32784,536.327,0,0.5153571665287018,0.5132882595062256,1
32796,536.523,0,0.5153571665287018,0.4953804910182953,1
32808,536.719,0,0.5311593512694041,0.5374027490615845,1
32820,536.916,0,0.5356067617734274,0.5606948137283325,1
32832,537.112,0,0.5260467529296875,0.508722722530365,1
32844,537.308,0,0.508722722530365,0.508722722530365,1
32856,537.504,1,0.5182827313741049,0.508722722530365,1
32868,537.701,1,0.5337774554888407,0.5374027490615845,1
32880,537.897,1,0.5492721796035767,0.5552068948745728,1
32892,538.093,1,0.5570362011591593,0.5552068948745728,1
32904,538.29,1,0.5570362011591593,0.5606948137283325,1
32916,538.486,1,0.5430633227030436,0.5552068948745728,1
32928,538.682,1,0.5272611379623413,0.5132882595062256,1
32940,538.879,1,0.5161268909772238,0.5132882595062256,1
32952,539.075,1,0.5300997694333395,0.52180415391922,1
32964,539.271,1,0.5440726478894552,0.5552068948745728,1
32976,539.468,1,0.5552068948745728,0.5552068948745728,1
32988,539.664,0,0.5552068948745728,0.5552068948745728,1
33000,539.86,0,0.6456075310707092,0.5552068948745728,1
33012,540.057,0,0.7238173087437948,0.8264088034629822,1
33024,540.253,0,0.8153074781099955,0.7898362278938293,1
33036,540.449,0,0.8100308577219645,0.829677402973175,1
33048,540.645,0,0.8280488053957621,0.8105789422988892,1
33060,540.842,0,0.8182549277941386,0.8438900709152222,1
33072,541.038,0,0.7891842126846313,0.8002957701683044,1
33084,541.234,0,0.7018269697825114,0.7233667969703674,1
33096,541.431,0,0.6833338340123495,0.5818183422088623,1
33108,541.627,0,0.5374657611052195,0.7448163628578186,1
33120,541.823,0,0.3883512367804845,0.28576257824897766,0
33132,542.02,0,0.18681413928667703,0.1344747692346573,0
33144,542.216,0,0.15154639383157095,0.14020507037639618,0
33156,542.412,0,0.1434817537665367,0.17995934188365936,0
33168,542.609,0,0.14542843649784723,0.1102808490395546,0
33180,542.805,0,0.13348396867513657,0.14604511857032776,0
33192,543.001,0,0.14093219737211862,0.14412593841552734,0
33204,543.198,0,0.2529606968164444,0.1326255351305008,0
33216,543.394,0,0.3600144535303116,0.48213061690330505,0
33228,543.59,0,0.3839739263057709,0.4652872085571289,0
33240,543.786,0,0.32180450359980267,0.20450395345687866,0
33252,543.983,0,0.28817419211069745,0.2956223487854004,0
33264,544.179,0,0.30070357024669647,0.36439627408981323,0
33276,544.375,0,0.24616937339305878,0.2420920878648758,0
33288,544.572,0,0.17081576585769653,0.1320197582244873,0
33300,544.768,0,0.13322856028874716,0.1383354514837265,0
33312,544.964,0,0.1674620658159256,0.12933047115802765,0
33324,545.161,0,0.19544902443885803,0.23472027480602264,0
33336,545.357,0,0.22832749287287393,0.2222963273525238,0
33348,545.553,0,0.23423015574614206,0.22796587646007538,0
33360,545.75,0,0.24575561781724295,0.252428263425827,0
33372,545.946,0,0.2581496437390645,0.2568727135658264,0
33384,546.142,0,0.25073058406511944,0.26514795422554016,0
33396,546.339,0,0.3390685021877289,0.2301710844039917,0
33408,546.535,0,0.3617193102836609,0.5218864679336548,0
33420,546.731,0,0.3911259671052297,0.3331003785133362,0
33432,546.927,0,0.32329416275024414,0.3183910548686981,0
33444,547.124,0,0.38708198070526123,0.3183910548686981,0
33456,547.32,0,0.47783904274304706,0.5244638323783875,0
33468,547.516,0,0.5893825888633728,0.5906622409820557,1
33480,547.713,0,0.6035775740941366,0.6530216932296753,1
33492,547.909,0,0.5574099818865458,0.5670487880706787,1
33504,548.105,0,0.48062315583229065,0.45215946435928345,0
33516,548.302,0,0.44039546449979144,0.4226612150669098,0
33528,548.498,0,0.4176716208457947,0.44636571407318115,0
33540,548.694,0,0.36897443731625873,0.3839879333972931,0
33552,548.891,0,0.3058101038138072,0.276569664478302,0
33564,549.087,0,0.2549659063418706,0.2568727135658264,0
33576,549.283,0,0.24038664003213248,0.23145534098148346,0
33588,549.48,0,0.3133252412080765,0.23283186554908752,0
33600,549.676,0,0.3947362999121348,0.47568851709365845,0
33612,549.872,0,0.49663082758585614,0.47568851709365845,0
33624,550.068,0,0.5387327869733175,0.5385154485702515,1
33636,550.265,0,0.594559371471405,0.6019943952560425,1
33648,550.461,0,0.5024973849455515,0.6431682705879211,1
33660,550.657,0,0.3449561943610509,0.26232948899269104,0
33672,550.854,0,0.18030352890491486,0.1293708235025406,0
33684,551.05,0,0.14135782917340597,0.14921027421951294,0
33696,551.246,0,0.1309309576948484,0.14549238979816437,0
33708,551.443,0,0.10819002737601598,0.09809020906686783,0
33720,551.639,0,0.08591957638661067,0.08098748326301575,0
33732,551.835,0,0.09312505026658376,0.07868103682994843,0
33744,552.032,0,0.09607780973116557,0.11970663070678711,0
33756,552.228,0,0.10477512578169505,0.08984576165676117,0
33768,552.424,0,0.0993153303861618,0.10477298498153687,0
33780,552.621,0,0.12475327650705974,0.10332724452018738,0
33792,552.817,0,0.14838343858718872,0.16615960001945496,0
33804,553.013,0,0.17308634519577026,0.17566347122192383,0
33816,553.209,0,0.1770426332950592,0.177435964345932,0
33828,553.406,0,0.1649317443370819,0.17802846431732178,0
33840,553.602,0,0.14371142784754434,0.13933080434799194,0
33852,553.798,0,0.12404558807611465,0.11377501487731934,0
33864,553.995,0,0.11424919714530309,0.11903094500303268,0
33876,554.191,0,0.1469464972615242,0.10994163155555725,0
33888,554.387,0,0.18583632012208304,0.21186691522598267,0
33900,554.584,0,0.2331522653500239,0.23570041358470917,0
33912,554.78,0,0.26746681829293567,0.2518894672393799,0
33924,554.976,0,0.4238208333651225,0.314810574054718,0
33936,555.173,0,0.5707292755444845,0.7047624588012695,1
33948,555.369,0,0.7060118118921915,0.6926147937774658,1
33960,555.565,0,0.6980432868003845,0.7206581830978394,1
33972,555.762,0,0.7020430366198221,0.6808568835258484,1
33984,555.958,0,0.6856365402539571,0.7046140432357788,1
33996,556.154,0,0.6824971437454224,0.6714386940002441,1
34008,556.35,0,0.7075092196464539,0.6714386940002441,1
34020,556.547,1,0.7451377709706625,0.7796502709388733,1
34032,556.743,1,0.7915957371393839,0.7843243479728699,1
34044,556.939,1,0.7869944373766581,0.8108125925064087,1
34056,557.136,1,0.7774762113889059,0.7658463716506958,1
34068,557.332,1,0.7264738082885742,0.755769670009613,1
34080,557.528,1,0.5279477785031,0.6578053832054138,1
34092,557.725,1,0.3299052019913991,0.17026828229427338,0
34104,557.921,1,0.15723033746083578,0.1616419404745102,0
34116,558.117,1,0.1595908204714457,0.13978078961372375,0
34128,558.314,1,0.13692818582057953,0.1773497313261032,0
34140,558.51,0,0.12042845040559769,0.09365403652191162,0
34152,558.706,0,0.09691395113865535,0.09028158336877823,0
34164,558.903,0,0.2107724522550901,0.10680623352527618,0
34176,559.099,0,0.32300424079100293,0.4352295398712158,0
34188,559.295,0,0.42297128836313885,0.4269769489765167,0
34200,559.491,0,0.42019180456797284,0.40670737624168396,0
34212,559.688,0,0.4142435093720754,0.4268910884857178,0
34224,559.884,0,0.46360180775324505,0.40913206338882446,0
34236,560.08,0,0.5197309652964274,0.5547822713851929,1
34248,560.277,0,0.5817797978719076,0.5952785611152649,1
34260,560.473,0,0.5873897473017374,0.5952785611152649,1
34272,560.669,0,0.5221695800622305,0.5716121196746826,1
34284,560.866,0,0.4392718772093455,0.3996180593967438,0
34296,561.062,0,0.42706329623858136,0.3465854525566101,0
34308,561.258,0,0.5313256780306498,0.5349863767623901,1
34320,561.455,0,0.6579000155131022,0.7124052047729492,1
34332,561.651,0,0.7426419456799825,0.7263084650039673,1
34344,561.847,0,0.7556456724802653,0.789212167263031,1
34356,562.044,0,0.7631493409474691,0.7514163851737976,1
34368,562.24,0,0.7231683929761251,0.7488194704055786,1
34380,562.436,0,0.7163678606351217,0.669269323348999,1
34392,562.632,0,0.5889304578304291,0.7310147881507874,1
34404,562.829,0,0.428876593708992,0.36650726199150085,0
34416,563.025,0,0.24211685359477997,0.1891077309846878,0
34428,563.221,0,0.19077674051125845,0.17073556780815125,0
34440,563.418,0,0.18508662780125937,0.21248692274093628,0
34452,563.614,0,0.17228827873865762,0.17203739285469055,0
34464,563.81,0,0.14948871731758118,0.13234052062034607,0
34476,564.007,0,0.13862589498360953,0.1440882384777069,0
34488,564.203,0,0.14847466349601746,0.13944892585277557,0
34500,564.399,0,0.15217143297195435,0.16188682615756989,0
34512,564.596,0,0.1666017770767212,0.15517854690551758,0
34524,564.792,0,0.17210500439008078,0.1827399581670761,0
34536,564.988,0,0.16262880464394888,0.17839650809764862,0
34548,565.185,0,0.14934142430623373,0.1267499476671219,0
34560,565.381,0,0.13623845080534616,0.14287781715393066,0
34572,565.577,0,0.14346801241238913,0.13908758759498596,0
34584,565.773,0,0.13904598851998648,0.14843863248825073,0
34596,565.97,0,0.13365700592597327,0.12961174547672272,0
34608,566.166,0,0.1237024615208308,0.12292063981294632,0
34620,566.362,0,0.13018925984700522,0.11857499927282333,0
34632,566.559,0,0.1383392239610354,0.14907214045524597,0
34644,566.755,0,0.1504824956258138,0.14737053215503693,0
34656,566.951,0,0.15246005356311798,0.1550048142671585,0
34668,567.148,0,0.14502430458863577,0.1550048142671585,0
34680,567.344,0,0.13738945126533508,0.12506328523159027,0
34692,567.54,1,0.13079716265201569,0.13210025429725647,0
34704,567.737,1,0.13253910342852274,0.13522794842720032,0
34716,567.933,1,0.13243535657723746,0.13028910756111145,0
34728,568.129,1,0.13243535657723746,0.13178901374340057,0
34740,568.326,1,0.194916899005572,0.13522794842720032,0
34752,568.522,1,0.26138656338055927,0.3177337348461151,0
34764,568.718,1,0.34019888440767926,0.3311980068683624,0
34776,568.914,1,0.5058978994687399,0.3716649115085602,1
34788,569.111,1,0.6837423344453176,0.8148307800292969,1
34800,569.307,1,0.8314520716667175,0.8647313117980957,1
34812,569.503,0,0.8327038884162903,0.81479412317276,1
34824,569.7,0,0.8110389312108358,0.8185862302780151,1
34836,569.896,0,0.7251115441322327,0.7997364401817322,1
34848,570.092,0,0.6427476008733114,0.5570119619369507,1
34860,570.289,0,0.5742376645406088,0.5714944005012512,1
34872,570.485,0,0.5769199927647909,0.5942066311836243,1
34884,570.681,1,0.64189346631368,0.5650589466094971,1
34896,570.878,1,0.6906308730443319,0.7664148211479187,1
34908,571.074,1,0.7668153246243795,0.7404188513755798,1
34920,571.27,1,0.7602025270462036,0.7936123013496399,1
34932,571.467,1,0.7887106935183207,0.7465764284133911,1
34944,571.663,1,0.6078990002473196,0.8259433507919312,1
34956,571.859,1,0.4813517431418101,0.25117722153663635,0
34968,572.055,1,0.3715619047482808,0.3669346570968628,0
34980,572.252,1,0.4573139250278473,0.4965738356113434,0
34992,572.448,1,0.5173986256122589,0.5084332823753357,1
35004,572.644,0,0.5502115686734518,0.5471887588500977,1
35016,572.841,0,0.598793645699819,0.5950126647949219,1
35028,573.037,0,0.7050670782725016,0.6541795134544373,1
35040,573.233,0,0.7741264899571737,0.8660090565681458,1
35052,573.43,0,0.8447363376617432,0.802190899848938,1
35064,573.626,1,0.8447363376617432,0.8660090565681458,1
35076,573.822,1,0.8660090565681458,0.8660090565681458,1
35088,574.019,1,0.8568414052327474,0.8660090565681458,1
35100,574.215,1,0.8061253627141317,0.8385061025619507,1
35112,574.411,1,0.8009292284647623,0.7138609290122986,1
35124,574.608,1,0.800493319829305,0.8504206538200378,1
35136,574.804,1,0.8027679522832235,0.8371983766555786,1
35148,575.0,1,0.683959573507309,0.720684826374054,1
35160,575.197,1,0.589846283197403,0.4939955174922943,1
35172,575.393,1,0.5104748407999674,0.5548585057258606,1
35184,575.589,0,0.5317734777927399,0.48257049918174744,1
35196,575.785,0,0.5870489180088043,0.5578914284706116,1
35208,575.982,0,0.6593289772669474,0.720684826374054,1
35220,576.178,0,0.7086889346440634,0.6994106769561768,1
35232,576.374,0,0.7042495807011923,0.7059713006019592,1
35244,576.571,0,0.6656406124432882,0.7073667645454407,1
35256,576.767,0,0.6148868799209595,0.5835837721824646,1
35268,576.963,0,0.5669120152791342,0.5537101030349731,1
35280,577.16,0,0.5560319423675537,0.5634421706199646,1
35292,577.356,0,0.55113552014033,0.5509435534477234,1
35304,577.552,0,0.5613503654797872,0.539020836353302,1
35316,577.749,0,0.5999088486035665,0.5940867066383362,1
35328,577.945,0,0.5810920695463816,0.6666190028190613,1
35340,578.141,0,0.5409779846668243,0.48257049918174744,1
35352,578.338,0,0.45357897877693176,0.4737444519996643,0
35364,578.534,1,0.4197934567928314,0.40442198514938354,0
35376,578.73,1,0.3979162077109019,0.3812139332294464,0
35388,578.926,1,0.4007689853509267,0.40811270475387573,0
35400,579.123,1,0.4097352425257365,0.412980318069458,0
35412,579.319,1,0.4271896481513977,0.40811270475387573,0
35424,579.515,1,0.5056245724360148,0.4604759216308594,1
35436,579.712,1,0.6115419665972391,0.6482850909233093,1
35448,579.908,1,0.724373439947764,0.7258648872375488,1
35460,580.104,1,0.7594719131787618,0.7989703416824341,1
35472,580.301,1,0.7819471557935079,0.7535805106163025,1
35484,580.497,1,0.7790100971857706,0.7932906150817871,1
35496,580.693,1,0.7822816967964172,0.7901591658592224,1
35508,580.89,1,0.7744313279787699,0.7633953094482422,1
35520,581.086,1,0.668704499801,0.7697395086288452,1
35532,581.282,1,0.5398982365926107,0.4729786813259125,1
35544,581.479,1,0.4095420340696971,0.37697651982307434,0
35556,581.675,0,0.3916724920272827,0.37867090106010437,0
35568,581.871,0,0.3992791573206584,0.41937005519866943,0
35580,582.067,0,0.4107935428619385,0.3997965157032013,0
35592,582.264,0,0.5251850883165995,0.4132140576839447,1
35604,582.46,0,0.5862490832805634,0.7625446915626526,1
35616,582.656,0,0.48031006505091983,0.5829885005950928,0
35628,582.853,0,0.4335649237036705,0.09539700299501419,0
35640,583.049,0,0.27189958343903226,0.6223092675209045,0
35652,583.245,0,0.26754920681317645,0.09799247980117798,0
35664,583.442,0,0.09511742492516835,0.0823458731174469,0
35676,583.638,0,0.0884980857372284,0.10501392185688019,0
35688,583.834,0,0.08587696403265,0.0781344622373581,0
35700,584.031,0,0.07665699968735377,0.0744825080037117,0
35712,584.227,0,0.07639685521523158,0.07735402882099152,0
35724,584.423,0,0.07594026625156403,0.07735402882099152,0
35736,584.62,0,0.07467775543530782,0.07311274111270905,0
35748,584.816,0,0.07250133901834488,0.0735664963722229,0
35760,585.012,0,0.1526657665769259,0.07082477957010269,0
35772,585.208,0,0.29215584446986514,0.31360602378845215,0
35784,585.405,0,0.43662060300509137,0.49203673005104065,0
35796,585.601,0,0.5576988756656647,0.5042190551757812,1
35808,585.797,0,0.42369017501672107,0.6768408417701721,0
35820,585.994,0,0.43865060309569043,0.0900106281042099,0
35832,586.19,0,0.41109897196292877,0.5491003394126892,0
35844,586.386,0,0.4038364092508952,0.5941859483718872,0
35856,586.583,0,0.24028239895900091,0.06822293996810913,0
35868,586.779,0,0.08321613321701686,0.05843830853700638,0
35880,586.975,0,0.1008938377102216,0.12298715114593506,0
35892,587.172,0,0.12049471586942673,0.12125605344772339,0
35904,587.368,0,0.1820885663231214,0.11724094301462173,0
35916,587.564,0,0.2590293412407239,0.30776870250701904,0
35928,587.761,0,0.41651807228724164,0.352078378200531,0
35940,587.957,0,0.5545351703961691,0.5897071361541748,1
35952,588.153,0,0.5691699882348379,0.7218199968338013,1
35964,588.349,0,0.4093334178129832,0.3959828317165375,0
35976,588.546,0,0.27597487966219586,0.11019742488861084,0
35988,588.742,0,0.26987574497858685,0.3217443823814392,0
36000,588.938,0,0.26456714669863385,0.37768542766571045,0
36012,589.135,0,0.33351607124010724,0.09427163004875183,0
36024,589.331,0,0.3967160681883494,0.5285911560058594,0
36036,589.527,0,0.48329389095306396,0.567285418510437,0
36048,589.724,0,0.48208173116048175,0.3540050983428955,0
36060,589.92,0,0.43606926997502643,0.5249546766281128,0
36072,590.116,0,0.4611502488454183,0.42924803495407104,0
36084,590.313,0,0.42924803495407104,0.42924803495407104,0
36096,590.509,0,0.42924803495407104,0.42924803495407104,0
36108,590.705,0,0.42924803495407104,0.42924803495407104,0
36120,590.902,0,0.4395795861879985,0.42924803495407104,0
36132,591.098,0,0.44991113742192584,0.46024268865585327,0
36144,591.294,0,0.46024268865585327,0.46024268865585327,0
36156,591.49,0,0.46024268865585327,0.46024268865585327,0
36168,591.687,0,0.46024268865585327,0.46024268865585327,0
36180,591.883,0,0.46024268865585327,0.46024268865585327,0
36192,592.079,0,0.46024268865585327,0.46024268865585327,0
36204,592.276,0,0.44991113742192584,0.46024268865585327,0
36216,592.472,0,0.4395795861879985,0.42924803495407104,0
36228,592.668,0,0.4359459380308787,0.42924803495407104,0
36240,592.865,0,0.44264384110768634,0.449341744184494,0
36252,593.061,0,0.449341744184494,0.449341744184494,0
36264,593.257,0,0.449341744184494,0.449341744184494,0
36276,593.454,0,0.449341744184494,0.449341744184494,0
36288,593.65,0,0.449341744184494,0.449341744184494,0
36300,593.846,0,0.449341744184494,0.449341744184494,0
36312,594.043,0,0.449341744184494,0.449341744184494,0
36324,594.239,0,0.449341744184494,0.449341744184494,0
36336,594.435,0,0.449341744184494,0.449341744184494,0
36348,594.631,0,0.449341744184494,0.449341744184494,0
36360,594.828,0,0.44264384110768634,0.449341744184494,0
36372,595.024,0,0.4359459380308787,0.42924803495407104,0
36384,595.22,0,0.42924803495407104,0.42924803495407104,0
36396,595.417,0,0.42924803495407104,0.42924803495407104,0
36408,595.613,0,0.42978323499361676,0.42924803495407104,0
36420,595.809,0,0.4328941802183787,0.43085363507270813,0
36432,596.006,0,0.4328941802183787,0.43858087062835693,0
36444,596.202,0,0.432358980178833,0.42924803495407104,0
36456,596.398,0,0.42924803495407104,0.42924803495407104,0
36468,596.595,0,0.42924803495407104,0.42924803495407104,0
36480,596.791,0,0.432358980178833,0.42924803495407104,0
36492,596.987,0,0.44723911086718243,0.43858087062835693,0
36504,597.184,0,0.44723911086718243,0.47388842701911926,0
36516,597.38,0,0.44412816564242047,0.42924803495407104,0
36528,597.576,0,0.42924803495407104,0.42924803495407104,0
36540,597.772,0,0.42924803495407104,0.42924803495407104,0
36552,597.969,0,0.42924803495407104,0.42924803495407104,0
36564,598.165,0,0.42924803495407104,0.42924803495407104,0
36576,598.361,0,0.42924803495407104,0.42924803495407104,0
36588,598.558,0,0.42924803495407104,0.42924803495407104,0
36600,598.754,0,0.42924803495407104,0.42924803495407104,0
36612,598.95,0,0.42924803495407104,0.42924803495407104,0
36624,599.147,0,0.42924803495407104,0.42924803495407104,0
36636,599.343,0,0.432358980178833,0.42924803495407104,0
36648,599.539,1,0.4623941381772359,0.43858087062835693,0
36660,599.736,1,0.5062097311019897,0.5193535089492798,1
36672,599.932,1,0.47058157126108807,0.5606948137283325,0
36684,600.128,1,0.41689532995224,0.33169639110565186,0
36696,600.325,1,0.37351347009340924,0.3582947850227356,0
36708,600.521,1,0.36486809452374774,0.4305492341518402,0
36720,600.717,1,0.33839603265126544,0.3057602643966675,0
36732,600.913,1,0.3402085304260254,0.2788785994052887,0
36744,601.11,1,0.33744872609774273,0.43598672747612,0
36756,601.306,1,0.367630938688914,0.29748085141181946,0
36768,601.502,0,0.34858037034670514,0.3694252371788025,0
36780,601.699,0,0.3593585093816121,0.3788350224494934,0
36792,601.895,0,0.3611131012439728,0.3298152685165405,0
36804,602.091,0,0.3186701436837514,0.3746890127658844,0
36816,602.288,0,0.24993949135144553,0.25150614976882935,0
36828,602.484,0,0.146663265923659,0.1236233115196228,0
36840,602.68,0,0.08092068880796432,0.06486033648252487,0
36852,602.877,0,0.056075370560089745,0.0542784184217453,0
36864,603.073,0,0.049716949462890625,0.04908735677599907,0
36876,603.269,0,0.05062812939286232,0.045785073190927505,0
36888,603.466,0,0.04952736819783846,0.057011958211660385,0
36900,603.662,0,0.04952736819783846,0.045785073190927505,0
36912,603.858,0,0.05032953744133314,0.045785073190927505,0
36924,604.054,0,0.050236800064643226,0.059418465942144394,0
36936,604.251,0,0.050144062687953316,0.04550686106085777,0
36948,604.447,0,0.045581852396329246,0.04550686106085777,0
36960,604.643,0,0.049325392891963325,0.045731835067272186,0
36972,604.84,0,0.0470029612382253,0.05673748254776001,0
36984,605.036,0,0.04145971623559793,0.03853956609964371,0
36996,605.232,0,0.034253708397348724,0.029102100059390068,0
37008,605.429,0,0.03078724816441536,0.03511945903301239,0
37020,605.625,0,0.03120400197803974,0.02814018540084362,0
37032,605.821,0,0.030261849984526634,0.030352361500263214,0
37044,606.018,0,0.04412922138969103,0.03229300305247307,0
37056,606.214,0,0.057372864335775375,0.06974229961633682,0
37068,606.41,0,0.05930467198292414,0.07008329033851624,0
37080,606.607,0,0.04630738807221254,0.03808842599391937,0
37092,606.803,0,0.033855327094594635,0.030750447884202003,0
37104,606.999,0,0.030829723924398422,0.03272710740566254,0
37116,607.195,0,0.03361340053379536,0.029011616483330727,0
37128,607.392,0,0.03555313932398955,0.03910147771239281,0
37140,607.588,0,0.038910177846749626,0.03854632377624512,0
37152,607.784,0,0.036556983987490334,0.03908273205161095,0
37164,607.981,0,0.03673578674594561,0.032041896134614944,0
37176,608.177,0,0.03531527519226074,0.03908273205161095,0
37188,608.373,0,0.03593510886033376,0.034821197390556335,0
37200,608.57,0,0.03415705760320028,0.033901397138834,0
37212,608.766,0,0.03572843720515569,0.033748578280210495,0
37224,608.962,0,0.03929824009537697,0.03953533619642258,0
37236,609.159,0,0.04114005590478579,0.04461080580949783,0
37248,609.355,0,0.04320604478319486,0.039274025708436966,0
37260,609.551,0,0.041976322730382286,0.04573330283164978,0
37272,609.748,0,0.04014668862024943,0.040921639651060104,0
37284,609.944,0,0.09647443890571594,0.033785123378038406,0
37296,610.14,0,0.14871222898364067,0.21471655368804932,0
37308,610.336,0,0.2033288578192393,0.1976350098848343,0
37320,610.533,0,0.2115681767463684,0.1976350098848343,0
37332,610.729,0,0.2370124806960424,0.23943451046943665,0
37344,610.925,0,0.2733871142069499,0.2739679217338562,0
37356,611.122,0,0.293390432993571,0.30675891041755676,0
37368,611.318,0,0.4167202313741048,0.2994444668292999,0
37380,611.514,0,0.397696057955424,0.6439573168754578,0
37392,611.711,0,0.373565415541331,0.24968639016151428,0
37404,611.907,0,0.23684914906819662,0.22705253958702087,0
37416,612.103,0,0.22182349860668182,0.2338085174560547,0
37428,612.3,0,0.23197736839453378,0.2046094387769699,0
37440,612.496,0,0.23987924555937448,0.2575141489505768,0
37452,612.692,0,0.2310082217057546,0.2575141489505768,0
37464,612.889,0,0.20651501417160034,0.17799636721611023,0
37476,613.085,0,0.1870324711004893,0.184034526348114,0
37488,613.281,0,0.2030432919661204,0.19906651973724365,0
37500,613.477,0,0.2496704657872518,0.22602882981300354,0
37512,613.674,0,0.25865790247917175,0.3239160478115082,0
37524,613.87,0,0.25273101528485614,0.22602882981300354,0
37536,614.066,0,0.30533406138420105,0.20824816823005676,0
37548,614.263,0,0.39056618014971417,0.48172518610954285,0
37560,614.459,0,0.3956029564142227,0.48172518610954285,0
37572,614.655,0,0.30658431847890216,0.22335849702358246,0
37584,614.852,0,0.1759787698586782,0.21466927230358124,0
37596,615.048,0,0.1305488497018814,0.08990854024887085,0
37608,615.244,0,0.08600735912720363,0.08706873655319214,0
37620,615.441,0,0.08863976846138637,0.08104480057954788,0
37632,615.637,0,0.08353773752848308,0.09780576825141907,0
37644,615.833,0,0.08491682757933934,0.07176264375448227,0
37656,616.03,0,0.08121492713689804,0.0851820707321167,0
37668,616.226,0,0.08082241813341777,0.08670006692409515,0
37680,616.422,0,0.07212243229150772,0.07058511674404144,0
37692,616.619,0,0.0641579603155454,0.059082113206386566,0
37704,616.815,0,0.05862266942858696,0.06280665099620819,0
37716,617.011,0,0.05817227313915888,0.05397924408316612,0
37728,617.207,0,0.10000553478797276,0.05773092433810234,0
37740,617.404,0,0.11613306775689125,0.18830643594264984,0
37752,617.6,0,0.1202548195918401,0.10236184298992157,0
37764,617.796,0,0.08757023513317108,0.07009617984294891,0
37776,617.993,0,0.07918963581323624,0.09025268256664276,0
37788,618.189,0,0.08286346991856892,0.07722004503011703,0
37800,618.385,0,0.09189447263876598,0.08111768215894699,0
37812,618.582,0,0.10189497967561086,0.11734569072723389,0
37824,618.778,0,0.10146613915761311,0.1072215661406517,0
37836,618.974,0,0.08917845537265141,0.07983116060495377,0
37848,619.171,0,0.08080366502205531,0.08048263937234879,0
37860,619.367,0,0.07361170152823131,0.08209719508886337,0
37872,619.563,0,0.0695779100060463,0.05825527012348175,0
37884,619.76,0,0.06455282618602116,0.06838126480579376,0
37896,619.956,0,0.06030335649847984,0.067021943628788,0
37908,620.152,0,0.05267855525016785,0.04550686106085777,0
37920,620.348,0,0.04550686106085777,0.04550686106085777,0
37932,620.545,0,0.04550686106085777,0.04550686106085777,0
37944,620.741,0,0.04562720159689585,0.04550686106085777,0
37956,620.937,0,0.04562720159689585,0.045867882668972015,0
37968,621.134,0,0.04571478068828583,0.04550686106085777,0
37980,621.33,0,0.04666148126125336,0.045769598335027695,0
37992,621.526,0,0.04666148126125336,0.0487079843878746,0
38004,621.723,0,0.04657390216986338,0.04550686106085777,0
38016,621.919,0,0.04550686106085777,0.04550686106085777,0
38028,622.115,0,0.04660618181029955,0.04550686106085777,0
38040,622.312,0,0.046866907427708306,0.04880482330918312,0
38052,622.508,0,0.05012473712364832,0.04628903791308403,0
38064,622.704,0,0.05172371864318848,0.055280350148677826,0
38076,622.901,0,0.052402619272470474,0.053601767867803574,0
38088,623.097,0,0.04914478957653046,0.04832573980093002,0
38100,623.293,0,0.04801240315039953,0.04550686106085777,0
38112,623.489,0,0.04751068105300268,0.05020460858941078,0
38124,623.686,0,0.04897805924216906,0.04682057350873947,0
38136,623.882,0,0.047757825503746666,0.049908995628356934,0
38148,624.078,0,0.048624612390995026,0.0465439073741436,0
38160,624.275,0,0.048461925238370895,0.04942093417048454,0
38172,624.471,0,0.04942093417048454,0.04942093417048454,0
38184,624.667,0,0.048768711586793266,0.04942093417048454,0
38196,624.864,0,0.044300294170777,0.047464266419410706,0
38208,625.06,0,0.04096101596951485,0.03601568192243576,0
38220,625.256,0,0.03863407919804255,0.039403099566698074,0
38232,625.453,0,0.03905526796976725,0.04048345610499382,0
38244,625.649,0,0.038722253094116844,0.03727924823760986,0
38256,625.845,0,0.03583286081751188,0.03840405493974686,0
38268,626.042,0,0.03837132205565771,0.03181527927517891,0
38280,626.238,0,0.040707955757776894,0.04489463195204735,0
38292,626.434,0,0.04252448553840319,0.04541395604610443,0
38304,626.63,0,0.039475176483392715,0.0372648686170578,0
38316,626.827,0,0.0340937456736962,0.035746704787015915,0
38328,627.023,0,0.03536471538245678,0.029269663617014885,0
38340,627.219,0,0.036923044050733246,0.04107777774333954,0
38352,627.416,0,0.04164040212829908,0.04042169079184532,0
38364,627.612,0,0.045356567949056625,0.04342173784971237,0
38376,627.808,0,0.05228955795367559,0.05222627520561218,0
38388,628.005,0,0.07506505896647771,0.06122066080570221,0
38400,628.201,0,0.09458646674950917,0.11174824088811874,0
38412,628.397,0,0.12113269170125325,0.11079049855470657,0
38424,628.594,0,0.10860913246870041,0.14085933566093445,0
38436,628.79,0,0.09159498537580173,0.0741775631904602,0
38448,628.986,0,0.07859654103716214,0.05974805727601051,0
38460,629.183,0,0.09903463100393613,0.10186400264501572,0
38472,629.379,0,0.09945956369241078,0.13549183309078217,0
38484,629.575,0,0.08670942485332489,0.06102285534143448,0
38496,629.771,0,0.05439547200997671,0.06361358612775803,0
38508,629.968,0,0.10932748268047969,0.03854997456073761,0
38520,630.164,0,0.17765730619430542,0.22581888735294342,0
38532,630.36,0,0.24089803795019785,0.26860305666923523,0
38544,630.557,0,0.22986315687497458,0.22827216982841492,0
38556,630.753,0,0.20450733602046967,0.19271424412727356,0
38568,630.949,0,0.20150191088517508,0.19253559410572052,0
38580,631.146,0,0.20890164375305176,0.21925589442253113,0
38592,631.342,0,0.21347011625766754,0.21491344273090363,0
38604,631.538,0,0.22683953742186228,0.20624101161956787,0
38616,631.735,0,0.22553827861944833,0.25936415791511536,0
38628,631.931,0,0.2275593380133311,0.2110096663236618,0
38640,632.127,0,0.22562931974728903,0.21230418980121613,0
38652,632.324,0,0.23979431887467703,0.25357410311698914,0
38664,632.52,0,0.23604201773802438,0.2535046637058258,0
38676,632.716,0,0.21853307882944742,0.20104728639125824,0
38688,632.912,0,0.1916929930448532,0.20104728639125824,0
38700,633.109,0,0.1884370595216751,0.17298440635204315,0
38712,633.305,0,0.19657929241657257,0.19127948582172394,0
38724,633.501,0,0.2090088576078415,0.22547398507595062,0
38736,633.698,0,0.21393470466136932,0.21027310192584991,0
38748,633.894,0,0.21554973721504211,0.20605702698230743,0
38760,634.09,0,0.20908584694067636,0.230319082736969,0
38772,634.287,0,0.20931050181388855,0.19088143110275269,0
38784,634.483,0,0.21709847450256348,0.20673099160194397,0
38796,634.679,0,0.23167230188846588,0.2536830008029938,0
38808,634.876,0,0.30852973957856494,0.2346029132604599,0
38820,635.072,0,0.36705141762892407,0.4373033046722412,0
38832,635.268,0,0.43193312486012775,0.42924803495407104,0
38844,635.465,0,0.42924803495407104,0.42924803495407104,0
38856,635.661,0,0.42924803495407104,0.42924803495407104,0
38868,635.857,0,0.42924803495407104,0.42924803495407104,0
38880,636.053,0,0.42924803495407104,0.42924803495407104,0
38892,636.25,0,0.42924803495407104,0.42924803495407104,0
38904,636.446,0,0.42924803495407104,0.42924803495407104,0
38916,636.642,0,0.42924803495407104,0.42924803495407104,0
38928,636.839,0,0.42924803495407104,0.42924803495407104,0
38940,637.035,0,0.42924803495407104,0.42924803495407104,0
38952,637.231,0,0.42924803495407104,0.42924803495407104,0
38964,637.428,0,0.42924803495407104,0.42924803495407104,0
38976,637.624,0,0.42924803495407104,0.42924803495407104,0
38988,637.82,0,0.4301035205523173,0.42924803495407104,0
39000,638.017,0,0.43095900615056354,0.4318144917488098,0
39012,638.213,0,0.43095900615056354,0.4318144917488098,0
39024,638.409,0,0.4301035205523173,0.42924803495407104,0
39036,638.606,0,0.4301035205523173,0.42924803495407104,0
39048,638.802,0,0.43095900615056354,0.4318144917488098,0
39060,638.998,0,0.4318144917488098,0.4318144917488098,0
39072,639.194,0,0.4318144917488098,0.4318144917488098,0
39084,639.391,0,0.4318144917488098,0.4318144917488098,0
39096,639.587,0,0.4318144917488098,0.4318144917488098,0
39108,639.783,0,0.4318144917488098,0.4318144917488098,0
39120,639.98,0,0.31820348898569745,0.4318144917488098,0
39132,640.176,0,0.20459248622258505,0.09098148345947266,0
39144,640.372,0,0.0942808414498965,0.09098148345947266,0
39156,640.569,0,0.0974133312702179,0.10087955743074417,0
39168,640.765,0,0.10054582109053929,0.10037895292043686,0
39180,640.961,0,0.10054582109053929,0.10037895292043686,0
39192,641.158,0,0.10075260947148006,0.10087955743074417,0
39204,641.354,0,0.1009593978524208,0.10099931806325912,0
39216,641.55,0,0.10099931806325912,0.10099931806325912,0
39228,641.747,0,0.09479386359453201,0.10099931806325912,0
39240,641.943,0,0.08329098174969356,0.08238295465707779,0
39252,642.139,0,0.07229068626960118,0.06649067252874374,0
39264,642.335,0,0.06706999242305756,0.06799843162298203,0
39276,642.532,0,0.06448715676863988,0.0667208731174469,0
39288,642.728,0,0.07738073666890462,0.05874216556549072,0
39300,642.924,0,0.09505922098954518,0.10667917132377625,0
39312,643.121,0,0.10000152389208476,0.11975632607936859,0
39324,643.317,0,0.15439402063687643,0.07356907427310944,0
39336,643.513,0,0.20528114338715872,0.26985666155815125,0
39348,643.71,0,0.25282642245292664,0.27241769433021545,0
39360,643.906,0,0.1954129934310913,0.2162049114704132,0
39372,644.102,0,0.1261928379535675,0.09761637449264526,0
39384,644.299,0,0.13814629117647806,0.06475722789764404,0
39396,644.495,0,0.17508084575335184,0.2520652711391449,0
39408,644.691,0,0.23193453749020895,0.2084200382232666,0
39420,644.888,0,0.21938328941663107,0.23531830310821533,0
39432,645.084,0,0.20728318393230438,0.21441152691841125,0
39444,645.28,0,0.15750089287757874,0.17211972177028656,0
39456,645.476,0,0.11674131204684575,0.08597142994403839,0
39468,645.673,0,0.09206683933734894,0.09213278442621231,0
39480,645.869,0,0.08892534921566646,0.09809630364179611,0
39492,646.065,0,0.0996204490462939,0.07654695957899094,0
39504,646.262,0,0.10028085112571716,0.12421808391809464,0
39516,646.458,0,0.10033840934435527,0.10007750988006592,0
39528,646.654,0,0.09375294546286266,0.07671963423490524,0
39540,646.851,0,0.07975549871722858,0.10446169227361679,0
39552,647.047,0,0.07818214719494183,0.05808516964316368,0
39564,647.243,0,0.06077754373351733,0.07199957966804504,0
39576,647.44,0,0.05994097019235293,0.05224788188934326,0
39588,647.636,0,0.05404063438375791,0.055575449019670486,0
39600,647.832,0,0.05467071756720543,0.05429857224225998,0
39612,648.029,0,0.05399786432584127,0.05413813143968582,0
39624,648.225,0,0.05286414921283722,0.053556889295578,0
39636,648.421,0,0.060968540608882904,0.05089742690324783,0
39648,648.617,0,0.11809062709410985,0.07845130562782288,0
39660,648.814,0,0.16083758572737375,0.22492314875125885,0
39672,649.01,0,0.1549468624095122,0.17913830280303955,0
39684,649.206,0,0.10051053514083226,0.060779135674238205,0
39696,649.403,0,0.05834808573126793,0.06161416694521904,0
39708,649.599,0,0.05719894667466482,0.05265095457434654,0
39720,649.795,0,0.05574576805035273,0.057331718504428864,0
39732,649.992,0,0.10007488603393237,0.05725463107228279,0
39744,650.188,0,0.14151167000333467,0.18563830852508545,0
39756,650.384,0,0.18297414978345236,0.1816420704126358,0
39768,650.581,0,0.1816420704126358,0.1816420704126358,0
39780,650.777,0,0.1816420704126358,0.1816420704126358,0
39792,650.973,0,0.1816420704126358,0.1816420704126358,0
39804,651.17,0,0.1816420704126358,0.1816420704126358,0
39816,651.366,0,0.18438209096590677,0.1816420704126358,0
39828,651.562,0,0.18438209096590677,0.18986213207244873,0
39840,651.758,0,0.18438209096590677,0.1816420704126358,0
39852,651.955,0,0.1816420704126358,0.1816420704126358,0
39864,652.151,0,0.18438209096590677,0.1816420704126358,0
39876,652.347,0,0.18712211151917776,0.18986213207244873,0
39888,652.544,0,0.18986213207244873,0.18986213207244873,0
39900,652.74,0,0.18986213207244873,0.18986213207244873,0
39912,652.936,0,0.18646750350793204,0.18986213207244873,0
39924,653.133,0,0.18715054293473563,0.17967824637889862,0
39936,653.329,0,0.19201788306236267,0.1919112503528595,0
39948,653.525,0,0.2038281112909317,0.2044641524553299,0
39960,653.722,0,0.20316870510578156,0.2151089310646057,0
39972,653.918,0,0.2009584605693817,0.18993303179740906,0
39984,654.114,0,0.1898028403520584,0.19783341884613037,0
39996,654.311,0,0.187039186557134,0.1816420704126358,0
40008,654.507,0,0.1816420704126358,0.1816420704126358,0
40020,654.703,0,0.1816420704126358,0.1816420704126358,0
40032,654.899,0,0.12939278657237688,0.1816420704126358,0
40044,655.096,0,0.07781242330869038,0.024894218891859055,0
40056,655.292,0,0.026427835846940678,0.02690098062157631,0
40068,655.488,0,0.027045511330167454,0.027488308027386665,0
40080,655.685,0,0.035586608573794365,0.026747245341539383,0
40092,655.881,0,0.047071424623330436,0.052524272352457047,0
40104,656.077,0,0.05292130013306936,0.06194275617599487,0
40116,656.274,0,0.04683458060026169,0.04429687187075615,0
40128,656.47,0,0.037073963632186256,0.03426411375403404,0
40140,656.666,0,0.03133541780213515,0.03266090527176857,0
40152,656.863,0,0.028759295120835304,0.027081234380602837,0
40164,657.059,0,0.029683098817865055,0.026535745710134506,0
40176,657.255,0,0.03247785816589991,0.03543231636285782,0
40188,657.452,0,0.034040397653977074,0.03546551242470741,0
40200,657.648,0,0.03290537868936857,0.031223364174365997,0
40212,657.844,0,0.03175116951266924,0.03202725946903229,0
40224,658.041,0,0.03168848094840845,0.03200288489460945,0
40236,658.237,0,0.032435442631443344,0.031035298481583595,0
40248,658.433,0,0.07481817839046319,0.03426814451813698,0
40260,658.629,0,0.12387221679091454,0.159151092171669,0
40272,658.826,0,0.1666816920042038,0.17819741368293762,0
40284,659.022,0,0.15532229344050089,0.16269657015800476,0
40296,659.218,0,0.14382038017114004,0.1250728964805603,0
40308,659.415,0,0.13659713665644327,0.14369167387485504,0
40320,659.611,0,0.14391191800435385,0.1410268396139145,0
40332,659.807,0,0.2420829782883326,0.147017240524292,0
40344,660.004,0,0.34908295671145123,0.4382048547267914,0
40356,660.2,0,0.446145494778951,0.46202677488327026,0
40368,660.396,0,0.45408613483111065,0.4382048547267914,0
40380,660.593,0,0.45408613483111065,0.46202677488327026,0
40392,660.789,0,0.46439563234647113,0.46202677488327026,0
40404,660.985,0,0.44359199206034344,0.4691333472728729,0
40416,661.182,0,0.42051079869270325,0.3996158540248871,0
40428,661.378,0,0.42051079869270325,0.39278319478034973,0
40440,661.574,0,0.4343541165192922,0.4691333472728729,0
40452,661.77,0,0.44849451382954914,0.44114580750465393,0
40464,661.967,0,0.44462637106577557,0.4352043867111206,0
40476,662.163,0,0.45824605226516724,0.4575289189815521,0
40488,662.359,0,0.4783778289953868,0.482004851102829,0
40500,662.556,0,0.48868854840596515,0.4955997169017792,0
40512,662.752,0,0.49322017033894855,0.48846107721328735,0
40524,662.948,0,0.4324040114879608,0.4955997169017792,0
40536,663.145,0,0.37396739919980365,0.3131512403488159,0
40548,663.341,0,0.32230237126350403,0.3131512403488159,0
40560,663.537,0,0.342206209897995,0.34060463309288025,0
40572,663.734,0,0.37670273582140607,0.3728627562522888,0
40584,663.93,0,0.39299696683883667,0.4166408181190491,0
40596,664.126,0,0.38974059621493023,0.3894873261451721,0
40608,664.323,0,0.35831987857818604,0.36309364438056946,0
40620,664.519,0,0.370883305867513,0.32237866520881653,0
40632,664.715,0,0.3741396764914195,0.4271776080131531,0
40644,664.911,0,0.424957940975825,0.3728627562522888,0
40656,665.108,0,0.44084322452545166,0.4748334586620331,0
40668,665.304,0,0.4748334586620331,0.4748334586620331,0
40680,665.5,0,0.4748334586620331,0.4748334586620331,0
40692,665.697,0,0.4748334586620331,0.4748334586620331,0
40704,665.893,0,0.4674794673919678,0.4748334586620331,0
40716,666.089,0,0.46012547612190247,0.45277148485183716,0
40728,666.286,0,0.45277148485183716,0.45277148485183716,0
40740,666.482,0,0.46012547612190247,0.45277148485183716,0
40752,666.678,0,0.4674794673919678,0.4748334586620331,0
40764,666.875,0,0.46040529012680054,0.4748334586620331,0
40776,667.071,0,0.46040529012680054,0.43154895305633545,0
40788,667.267,0,0.4457453489303589,0.4748334586620331,0
40800,667.464,0,0.4731330672899882,0.43085363507270813,0
40812,667.66,0,0.487403283516566,0.5137121081352234,0
40824,667.856,0,0.5193932851155599,0.5176441073417664,1
40836,668.052,0,0.533224880695343,0.5268236398696899,1
40848,668.249,0,0.5457458098729452,0.5552068948745728,1
40860,668.445,0,0.5252351562182108,0.5552068948745728,1
40872,668.641,0,0.49526341756184894,0.46529167890548706,0
40884,668.838,0,0.49526341756184894,0.46529167890548706,0
40896,669.034,0,0.5222007036209106,0.5552068948745728,1
40908,669.23,0,0.5383255084355673,0.5461035370826721,1
40920,669.427,0,0.49633922179539997,0.5136660933494568,0
40932,669.623,0,0.4658212165037791,0.42924803495407104,0
40944,669.819,0,0.45292508602142334,0.45454952120780945,0
40956,670.016,0,0.483381191889445,0.4749777019023895,0
40968,670.212,0,0.5557627379894257,0.520616352558136,1
40980,670.408,0,0.5854066411654154,0.6716941595077515,1
40992,670.605,0,0.5506354868412018,0.5639094114303589,1
41004,670.801,0,0.4637387692928314,0.416302889585495,0
41016,670.997,0,0.4411349991957347,0.4110040068626404,0
41028,671.193,0,0.44968010981877643,0.4960981011390686,0
41040,671.39,0,0.4657227396965027,0.44193822145462036,0
41052,671.586,0,0.5417442321777344,0.4591318964958191,1
41064,671.782,0,0.6420233448346456,0.7241625785827637,1
41076,671.979,0,0.7271897792816162,0.742775559425354,1
41088,672.175,0,0.7235844532648722,0.714631199836731,1
41100,672.371,0,0.7145165999730428,0.7133466005325317,1
41112,672.568,0,0.6334790488084158,0.7155719995498657,1
41124,672.764,0,0.5276245176792145,0.47151854634284973,1
41136,672.96,0,0.31806790580352146,0.395783007144928,0
41148,673.157,0,0.18484046558539072,0.08690216392278671,0
41160,673.353,0,0.0739750216404597,0.07183622568845749,0
41172,673.549,0,0.06363808860381444,0.06318667531013489,0
41184,673.746,0,0.06121004869540533,0.05589136481285095,0
41196,673.942,0,0.10188597192366917,0.06455210596323013,0
41208,674.138,0,0.09930486480395,0.18521444499492645,0
41220,674.334,0,0.09393604348103206,0.04814804345369339,0
41232,674.531,0,0.06624029576778412,0.04844564199447632,0
41244,674.727,0,0.08505428334077199,0.10212720185518265,0
41256,674.923,0,0.22614814341068268,0.10459000617265701,0
41268,675.12,0,0.3535267636179924,0.4717272222042084,0
41280,675.316,0,0.4759058356285095,0.4842630624771118,0
41292,675.512,0,0.4759058356285095,0.4717272222042084,0
41304,675.709,0,0.4688088496526082,0.4717272222042084,0
41316,675.905,0,0.46872039635976154,0.46297210454940796,0
41328,676.101,0,0.48708586891492206,0.47146186232566833,0
41340,676.298,0,0.5178307990233103,0.5268236398696899,1
41352,676.494,0,0.5457458098729452,0.5552068948745728,1
41364,676.69,1,0.5552068948745728,0.5552068948745728,1
41376,676.887,1,0.5552068948745728,0.5552068948745728,1
41388,677.083,1,0.5552068948745728,0.5552068948745728,1
41400,677.279,1,0.5552068948745728,0.5552068948745728,1
41412,677.475,1,0.5552068948745728,0.5552068948745728,1
41424,677.672,1,0.5440726478894552,0.5552068948745728,1
41436,677.868,1,0.5300997694333395,0.52180415391922,1
41448,678.064,1,0.5161268909772238,0.5132882595062256,1
41460,678.261,1,0.5132882595062256,0.5132882595062256,1
41472,678.457,1,0.5137201944986979,0.5132882595062256,1
41484,678.653,0,0.5113111933072408,0.5145840644836426,1
41496,678.85,0,0.506420244773229,0.5060612559318542,1
41508,679.046,0,0.506420244773229,0.49861541390419006,1
41520,679.242,0,0.5092611809571584,0.5145840644836426,1
41532,679.439,0,0.5145840644836426,0.5145840644836426,1
41544,679.635,0,0.4861387213071187,0.5145840644836426,0
41556,679.831,0,0.5175358454386393,0.42924803495407104,1
41568,680.028,0,0.5551119844118754,0.6087754368782043,1
41580,680.224,0,0.6327162782351176,0.6273124814033508,1
41592,680.42,0,0.5788522064685822,0.6620609164237976,1
41604,680.616,0,0.4928443332513173,0.447183221578598,0
41616,680.813,0,0.38537566860516864,0.3692888617515564,0
41628,681.009,0,0.3824847340583801,0.33965492248535156,0
41640,681.205,0,0.37734828392664593,0.4385104179382324,0
41652,681.402,0,0.3585530420144399,0.35387951135635376,0
41664,681.598,0,0.30753491322199505,0.2832691967487335,0
41676,681.794,0,0.2974687417348226,0.2854560315608978,0
41688,681.991,0,0.2972070078055064,0.3236809968948364,0
41700,682.187,0,0.3433109521865845,0.2824839949607849,0
41712,682.383,0,0.3766732414563497,0.4237678647041321,0
41724,682.58,0,0.4237678647041321,0.4237678647041321,0
41736,682.776,0,0.4361317654450734,0.4237678647041321,0
41748,682.972,0,0.44849566618601483,0.4608595669269562,0
41760,683.169,0,0.4436010221640269,0.4608595669269562,0
41772,683.365,0,0.4555436472098033,0.40908393263816833,0
41784,683.561,0,0.4719054500261943,0.4966874420642853,0
41796,683.757,0,0.47626514236132306,0.5099449753761292,0
41808,683.954,0,0.4760034680366516,0.4221630096435547,0
41820,684.15,0,0.5386667251586914,0.495902419090271,1
41832,684.346,0,0.5903715491294861,0.6979347467422485,1
41844,684.543,0,0.6535031994183859,0.5772774815559387,1
41856,684.739,0,0.6415014266967773,0.6852973699569702,1
41868,684.935,0,0.7308747967084249,0.6619294285774231,1
41880,685.132,0,0.7780396938323975,0.8453975915908813,1
41892,685.328,0,0.8142043550809225,0.8267920613288879,1
41904,685.524,0,0.8193591435750326,0.770423412322998,1
41916,685.721,0,0.8203948140144348,0.8608619570732117,1
41928,685.917,0,0.8318653702735901,0.8298990726470947,1
41940,686.113,0,0.8131897449493408,0.8048350811004639,1
41952,686.31,0,0.8048350811004639,0.8048350811004639,1
41964,686.506,0,0.8048350811004639,0.8048350811004639,1
41976,686.702,0,0.8030881683031718,0.8048350811004639,1
41988,686.898,0,0.7875075340270996,0.7995943427085876,1
42000,687.095,0,0.800160268942515,0.7580931782722473,1
42012,687.291,0,0.8096612691879272,0.8427932858467102,1
42024,687.487,0,0.8301339745521545,0.8280973434448242,1
42036,687.684,0,0.7370064854621887,0.8195112943649292,1
42048,687.88,0,0.5853587090969086,0.5634108185768127,1
42060,688.076,0,0.44650445381800336,0.37315401434898376,0
42072,688.273,0,0.32843761642773944,0.4029485285282135,0
42084,688.469,0,0.3450814187526703,0.20921030640602112,0
42096,688.665,0,0.3344951371351878,0.42308542132377625,0
42108,688.862,0,0.4035311738650004,0.371189683675766,0
42120,689.058,0,0.3611849844455719,0.416318416595459,0
42132,689.254,0,0.3361373742421468,0.2960468530654907,0
42144,689.451,0,0.32395801941553753,0.2960468530654907,0
42156,689.647,0,0.3490056296189626,0.3797803521156311,0
42168,689.843,0,0.339608758687973,0.371189683675766,0
42180,690.039,0,0.3005550603071849,0.267856240272522,0
42192,690.236,0,0.2618815501530965,0.2626192569732666,0
42204,690.432,0,0.25686322649319965,0.255169153213501,0
42216,690.628,0,0.2659617563088735,0.2528012692928314,0
42228,690.825,0,0.27191127339998883,0.2899148464202881,0
42240,691.021,0,0.26546693841616315,0.2730177044868469,0
42252,691.217,0,0.2037037213643392,0.23346826434135437,0
42264,691.414,0,0.15133952349424362,0.10462519526481628,0
42276,691.61,0,0.1254171853264173,0.11592511087656021,0
42288,691.806,0,0.11628884077072144,0.15570124983787537,0
42300,692.003,0,0.10149481147527695,0.07724016159772873,0
42312,692.199,0,0.07685329765081406,0.07154302299022675,0
42324,692.395,0,0.10207979381084442,0.0817767083644867,0
42336,692.592,0,0.12232222159703572,0.15291965007781982,0
42348,692.788,0,0.14320848882198334,0.13227030634880066,0
42360,692.984,0,0.16803283989429474,0.14443551003932953,0
42372,693.18,0,0.18265516559282938,0.22739270329475403,0
42384,693.377,0,0.21043142676353455,0.1761372834444046,0
42396,693.573,0,0.1977535585562388,0.227764293551445,0
42408,693.769,0,0.19507761299610138,0.18935909867286682,0
42420,693.966,0,0.14424133052428564,0.1681094467639923,0
42432,694.162,0,0.10276569177707036,0.07525544613599777,0
42444,694.358,0,0.08091465135415395,0.06493218243122101,0
42456,694.555,0,0.08292914181947708,0.10255632549524307,0
42468,694.751,0,0.10157311211029689,0.08129891753196716,0
42480,694.947,0,0.20808815956115723,0.12086409330368042,0
42492,695.144,0,0.3359529475371043,0.4221014678478241,0
42504,695.34,0,0.38896913329760235,0.46489328145980835,0
42516,695.536,0,0.33957231044769287,0.27991265058517456,0
42528,695.733,0,0.2560247878233592,0.2739109992980957,0
42540,695.929,0,0.24748448530832926,0.21425071358680725,0
42552,696.125,0,0.2546895345052083,0.25429174304008484,0
42564,696.321,0,0.2546139607826869,0.2955261468887329,0
42576,696.518,0,0.2420437236626943,0.21402399241924286,0
42588,696.714,0,0.20407717923323312,0.21658103168010712,0
42600,696.91,0,0.19599624971548715,0.18162651360034943,0
42612,697.107,0,0.19465948641300201,0.18978120386600494,0
42624,697.303,0,0.16635560741027197,0.21257074177265167,0
42636,697.499,0,0.13218713055054346,0.09671487659215927,0
42648,697.696,0,0.08825785169998805,0.08727577328681946,0
42660,697.892,0,0.10184910893440247,0.08078290522098541,0
42672,698.088,0,0.14713002244631448,0.13748864829540253,0
42684,698.285,0,0.16844748457272848,0.22311851382255554,0
42696,698.481,0,0.19187640647093454,0.14473529160022736,0
42708,698.677,0,0.16506459812323251,0.20777541399002075,0
42720,698.874,0,0.16863515476385751,0.14268308877944946,0
42732,699.07,0,0.1511923372745514,0.15544696152210236,0
42744,699.266,0,0.12714496503273645,0.15544696152210236,0
42756,699.463,0,0.11393087357282639,0.07054097205400467,0
42768,699.659,0,0.08806215475002925,0.11580468714237213,0
42780,699.855,0,0.20763117571671805,0.07784080505371094,0
42792,700.051,0,0.312112291653951,0.42924803495407104,0
42804,700.248,0,0.42924803495407104,0.42924803495407104,0
42816,700.444,0,0.42924803495407104,0.42924803495407104,0
42828,700.64,0,0.42924803495407104,0.42924803495407104,0
42840,700.837,0,0.42924803495407104,0.42924803495407104,0
42852,701.033,0,0.42924803495407104,0.42924803495407104,0
42864,701.229,0,0.42924803495407104,0.42924803495407104,0
42876,701.426,0,0.4308316806952159,0.42924803495407104,0
42888,701.622,0,0.43241532643636066,0.4339989721775055,0
42900,701.818,0,0.43241532643636066,0.4339989721775055,0
42912,702.015,0,0.4308316806952159,0.42924803495407104,0
42924,702.211,0,0.42924803495407104,0.42924803495407104,0
42936,702.407,0,0.42924803495407104,0.42924803495407104,0
42948,702.604,0,0.42924803495407104,0.42924803495407104,0
42960,702.8,0,0.42924803495407104,0.42924803495407104,0
42972,702.996,0,0.42924803495407104,0.42924803495407104,0
42984,703.192,0,0.42924803495407104,0.42924803495407104,0
42996,703.389,0,0.42924803495407104,0.42924803495407104,0
43008,703.585,0,0.42924803495407104,0.42924803495407104,0
43020,703.781,0,0.4308316806952159,0.42924803495407104,0
43032,703.978,0,0.4316871662934621,0.4339989721775055,0
43044,704.174,0,0.4325426518917084,0.4318144917488098,0
43056,704.37,0,0.43149420619010925,0.4318144917488098,0
43068,704.567,0,0.4396580259005229,0.43085363507270813,0
43080,704.763,0,0.4396580259005229,0.45630595088005066,0
43092,704.959,0,0.4215504626433055,0.4318144917488098,0
43104,705.156,0,0.38357595602671307,0.3765309453010559,0
43116,705.352,0,0.33352712790171307,0.34238243103027344,0
43128,705.548,1,0.32263721028963727,0.2816680073738098,0
43140,705.745,1,0.3835417330265045,0.3438611924648285,0
43152,705.941,1,0.4260174036026001,0.5250959992408752,0
43164,706.137,1,0.4428766667842865,0.40909501910209656,0
43176,706.333,1,0.3403402417898178,0.3944389820098877,0
43188,706.53,1,0.3257156163454056,0.21748672425746918,0
43200,706.726,1,0.32559660573800403,0.36522114276885986,0
43212,706.922,1,0.36407041549682617,0.3940819501876831,0
43224,707.119,1,0.364494393269221,0.33290815353393555,0
43236,707.315,1,0.35529810190200806,0.3664930760860443,0
43248,707.511,0,0.33638792236646015,0.3664930760860443,0
43260,707.708,0,0.27467038730780285,0.27617761492729187,0
43272,707.904,0,0.21377966304620108,0.18134047091007233,0
43284,708.1,0,0.18378154436747232,0.183820903301239,0
43296,708.297,0,0.1874153067668279,0.18618325889110565,0
43308,708.493,0,0.1902222583691279,0.19224175810813904,0
43320,708.689,0,0.19224175810813904,0.19224175810813904,0
43332,708.886,0,0.1886262744665146,0.19224175810813904,0
43344,709.082,0,0.18501079082489014,0.18139530718326569,0
43356,709.278,0,0.1813384691874186,0.18139530718326569,0
43368,709.474,0,0.18128163119157156,0.1812247931957245,0
43380,709.671,0,0.1919561525185903,0.1812247931957245,0
43392,709.867,0,0.1434580497443676,0.2134188711643219,0
43404,710.063,0,0.09568372120459874,0.03573048487305641,0
43416,710.26,0,0.03649594634771347,0.03790180757641792,0
43428,710.456,0,0.04263105119268099,0.03585554659366608,0
43440,710.652,0,0.049681439995765686,0.054135799407958984,0
43452,710.849,0,0.12089019020398457,0.059052973985672,0
43464,711.045,0,0.13312406837940216,0.24948179721832275,0
43476,711.241,0,0.12620146200060844,0.09083743393421173,0
43488,711.438,0,0.057582189639409385,0.03828515484929085,0
43500,711.634,0,0.04267802586158117,0.04362398013472557,0
43512,711.83,0,0.05982257549961408,0.04612494260072708,0
43524,712.027,0,0.060751973340908684,0.08971880376338959,0
43536,712.223,0,0.0631664680937926,0.04641217365860939,0
43548,712.419,0,0.04708054040869077,0.053368426859378815,0
43560,712.615,0,0.043823895355065666,0.041461020708084106,0
43572,712.812,0,0.06369215746720631,0.03664223849773407,0
43584,713.008,0,0.08388893057902654,0.11297321319580078,0
43596,713.204,0,0.09247670819362004,0.10205134004354477,0
43608,713.401,0,0.06707805767655373,0.06240557134151459,0
43620,713.597,0,0.04448845982551575,0.03677726164460182,0
43632,713.793,0,0.20781931777795157,0.03428254649043083,0
43644,713.99,0,0.28989801183342934,0.552398145198822,0
43656,714.186,0,0.3668997287750244,0.28301334381103516,0
43668,714.382,0,0.25172750155131024,0.26528769731521606,0
43680,714.579,0,0.20323610305786133,0.20688146352767944,0
43692,714.775,0,0.14839094132184982,0.13753914833068848,0
43704,714.971,0,0.2130443478624026,0.10075221210718155,0
43716,715.168,0,0.2756400828560193,0.40084168314933777,0
43728,715.364,0,0.3731578091780345,0.3253263533115387,0
43740,715.56,0,0.26794126629829407,0.39330539107322693,0
43752,715.756,0,0.18117606391509375,0.08519205451011658,0
43764,715.953,0,0.07429663340250652,0.06503074616193771,0
43776,716.149,0,0.06933625787496567,0.07266709953546524,0
43788,716.345,0,0.08909959097703297,0.07031092792749405,0
43800,716.542,0,0.10124722371498744,0.12432074546813965,0
43812,716.738,0,0.16078799466292062,0.10910999774932861,0
43824,716.934,0,0.1445475916067759,0.24893324077129364,0
43836,717.131,0,0.17406998574733734,0.0755995362997055,0
43848,717.327,0,0.12197601546843846,0.19767718017101288,0
43860,717.523,0,0.12816384186347327,0.09265132993459702,0
43872,717.72,0,0.09241884698470433,0.09416301548480988,0
43884,717.916,0,0.09298286586999893,0.09044219553470612,0
43896,718.112,0,0.1039401466647784,0.0943433865904808,0
43908,718.309,0,0.10515551765759786,0.12703485786914825,0
43920,718.505,1,0.10595809668302536,0.09408830851316452,0
43932,718.701,1,0.10857767115036647,0.0967511236667633,0
43944,718.897,1,0.10319938013950984,0.13489358127117157,0
43956,719.094,1,0.10820990304152171,0.07795343548059464,0
43968,719.29,1,0.09715135643879573,0.11178269237279892,0
43980,719.486,1,0.10314106444517772,0.10171794146299362,0
43992,719.683,1,0.09888552625974019,0.0959225594997406,0
44004,719.879,1,0.20859742412964502,0.09901607781648636,0
44016,720.075,1,0.32056140154600143,0.43085363507270813,0
44028,720.272,1,0.43149420619010925,0.4318144917488098,0
44040,720.468,1,0.43402715524037677,0.4318144917488098,0
44052,720.664,0,0.4454927444458008,0.43845248222351074,0
44064,720.861,0,0.4454927444458008,0.4662112593650818,0
44076,721.057,0,0.4626214603583018,0.4318144917488098,0
44088,721.253,0,0.4511558711528778,0.4898386299610138,0
44100,721.45,0,0.4511558711528778,0.4318144917488098,0
44112,721.646,0,0.43095900615056354,0.4318144917488098,0
44124,721.842,0,0.4301035205523173,0.42924803495407104,0
44136,722.038,0,0.4494448999563853,0.42924803495407104,0
44148,722.235,0,0.4696417649586995,0.4898386299610138,0
44160,722.431,0,0.4898386299610138,0.4898386299610138,0
44172,722.627,0,0.4898386299610138,0.4898386299610138,0
44184,722.824,0,0.4898386299610138,0.4898386299610138,0
44196,723.02,0,0.4975192944208781,0.4898386299610138,0
44208,723.216,0,0.4975192944208781,0.5128806233406067,0
44220,723.413,0,0.4975192944208781,0.4898386299610138,0
44232,723.609,0,0.47270991404851276,0.4898386299610138,0
44244,723.805,0,0.4555811981360118,0.43845248222351074,0
44256,724.002,0,0.43845248222351074,0.43845248222351074,0
44268,724.198,0,0.43845248222351074,0.43845248222351074,0
44280,724.394,0,0.43845248222351074,0.43845248222351074,0
44292,724.591,0,0.43845248222351074,0.43845248222351074,0
44304,724.787,0,0.44770540793736774,0.43845248222351074,0
44316,724.983,0,0.3626183221737544,0.4662112593650818,0
44328,725.179,0,0.2809540281693141,0.1831912249326706,0
44340,725.376,0,0.197673370440801,0.19345960021018982,0
44352,725.572,0,0.20502895613511404,0.21636928617954254,0
44364,725.768,0,0.22370406985282898,0.20525798201560974,0
44376,725.965,0,0.21889391541481018,0.24948494136333466,0
44388,726.161,0,0.2177258382240931,0.20193882286548615,0
44400,726.357,0,0.2216730217138926,0.20175375044345856,0
44412,726.554,0,0.2221184422572454,0.26132649183273315,0
44424,726.75,0,0.21516556044419607,0.20327508449554443,0
44436,726.946,0,0.20540637274583182,0.1808951050043106,0
44448,727.143,0,0.21089229981104532,0.23204892873764038,0
44460,727.339,0,0.2919102956851323,0.219732865691185,0
44472,727.535,0,0.29754575590292615,0.42394909262657166,0
44484,727.732,0,0.2930809259414673,0.24895530939102173,0
44496,727.928,0,0.22054402033487955,0.20633837580680847,0
44508,728.124,0,0.20633837580680847,0.20633837580680847,0
44520,728.32,0,0.2894464333852132,0.20633837580680847,0
44532,728.517,0,0.39229143659273785,0.4556625485420227,0
44544,728.713,0,0.49513643980026245,0.5148733854293823,0
44556,728.909,0,0.5123534202575684,0.5148733854293823,1
44568,729.106,0,0.42396041254202527,0.5073134899139404,0
44580,729.302,0,0.3447219381729762,0.249694362282753,0
44592,729.498,0,0.26119087636470795,0.2771579623222351,0
44604,729.695,0,0.24717111885547638,0.25672030448913574,0
44616,729.891,0,0.1783799777428309,0.2076350897550583,0
44628,730.087,0,0.11356058220068614,0.0707845389842987,0
44640,730.284,0,0.07857845971981685,0.062262117862701416,0
44652,730.48,0,0.07236600294709206,0.10268872231245041,0
44664,730.676,0,0.06706782554586728,0.052147168666124344,0
44676,730.873,0,0.04943560312191645,0.0463675856590271,0
44688,731.069,0,0.047648647179206215,0.049792055040597916,0
44700,731.265,0,0.04797359307607015,0.04678630083799362,0
44712,731.461,0,0.045957726736863456,0.04734242334961891,0
44724,731.658,0,0.044990738232930504,0.04374445602297783,0
44736,731.854,0,0.044932963947455086,0.04388533532619476,0
44748,732.05,0,0.046379733830690384,0.04716910049319267,0
44760,732.247,0,0.0477795439461867,0.048084765672683716,0
44772,732.443,0,0.047840441266695656,0.048084765672683716,0
44784,732.639,0,0.04755566641688347,0.04735179245471954,0
44796,732.836,0,0.04796312004327774,0.04723044112324715,0
44808,733.032,0,0.04870940993229548,0.04930712655186653,0
44820,733.228,0,0.04883767291903496,0.049590662121772766,0
44832,733.425,0,0.04808731749653816,0.047615230083465576,0
44844,733.621,0,0.046312463780244194,0.047056060284376144,0
44856,733.817,0,0.048580560833215714,0.044266100972890854,0
44868,734.014,0,0.05103504781921705,0.05441952124238014,0
44880,734.21,0,0.055231839418411255,0.05441952124238014,0
44892,734.406,0,0.05184736599524816,0.05685647577047348,0
44904,734.602,0,0.05056293308734894,0.044266100972890854,0
44916,734.799,0,0.06844146798054378,0.05056622251868248,0
44928,734.995,0,0.12377713496486346,0.11049208045005798,0
44940,735.191,0,0.1843294103940328,0.21027310192584991,0
44952,735.388,0,0.21126974622408548,0.2322230488061905,0
44964,735.584,0,0.22432165841261545,0.19131308794021606,0
44976,735.78,0,0.20650482177734375,0.24942883849143982,0
44988,735.977,0,0.2089176078637441,0.17877253890037537,0
45000,736.173,0,0.19669398665428162,0.19855144619941711,0
45012,736.369,0,0.23578528563181558,0.21275797486305237,0
45024,736.566,1,0.2685821255048116,0.2960464358329773,0
45036,736.762,1,0.26112251977125805,0.29694196581840515,0
45048,736.958,1,0.22590009371439615,0.19037915766239166,0
45060,737.155,1,0.21603875358899435,0.19037915766239166,0
45072,737.351,1,0.30747916797796887,0.2673579454421997,0
45084,737.547,1,0.3267009953657786,0.4647004008293152,0
45096,737.743,1,0.3244396944840749,0.24804463982582092,0
45108,737.94,1,0.3225958247979482,0.2605740427970886,0
45120,738.136,1,0.3744748036066691,0.45916879177093506,0
45132,738.332,1,0.42167289058367413,0.40368157625198364,0
45144,738.529,0,0.36644376317660016,0.40216830372810364,0
45156,738.725,0,0.332593967517217,0.29348140954971313,0
45168,738.921,0,0.34500179688135785,0.30213218927383423,0
45180,739.118,0,0.39796685179074603,0.4393917918205261,0
45192,739.314,0,0.39709282914797467,0.4523765742778778,0
45204,739.51,0,0.35046560565630597,0.29951012134552,0
45216,739.707,0,0.29951012134552,0.29951012134552,0
45228,739.903,0,0.22161438564459482,0.29951012134552,0
45240,740.099,0,0.15993639081716537,0.06582291424274445,0
45252,740.296,0,0.10990797231594722,0.11447613686323166,0
45264,740.492,0,0.10322020451227824,0.14942486584186554,0
45276,740.688,0,0.07858431090911229,0.04575961083173752,0
45288,740.885,0,0.06167781352996826,0.040568456053733826,0
45300,741.081,0,0.0818251222372055,0.09870537370443344,0
45312,741.277,0,0.1251383125782013,0.10620153695344925,0
45324,741.473,0,0.1543626661101977,0.1705080270767212,0
45336,741.67,0,0.14535434792439142,0.18637843430042267,0
45348,741.866,0,0.11212981243928273,0.07917658239603043,0
45360,742.062,0,0.08526301383972168,0.07083442062139511,0
45372,742.259,0,0.10176381717125575,0.1057780385017395,0
45384,742.455,0,0.1533704400062561,0.12867899239063263,0
45396,742.651,0,0.25807275374730426,0.22565428912639618,0
45408,742.848,0,0.2656667580207189,0.41988497972488403,0
45420,743.044,0,0.31825123230616253,0.15146100521087646,0
45432,743.24,0,0.24923135340213776,0.38340771198272705,0
45444,743.437,0,0.27424488961696625,0.21282534301280975,0
45456,743.633,0,0.2612225164969762,0.22650161385536194,0
45468,743.829,0,0.20590776453415552,0.34434059262275696,0
45480,744.026,0,0.14466251681248346,0.04688108712434769,0
45492,744.222,0,0.04532407224178314,0.042765870690345764,0
45504,744.418,0,0.0469027025004228,0.046325258910655975,0
45516,744.614,0,0.05382893358667692,0.05161697790026665,0
45528,744.811,0,0.056242416302363075,0.06354456394910812,0
45540,745.007,0,0.06212923054893812,0.05356570705771446,0
45552,745.203,0,0.12270423645774524,0.06927742063999176,0
45564,745.4,0,0.14383642127116522,0.24526958167552948,0
45576,745.596,0,0.15703647335370383,0.1169622614979744,0
45588,745.792,0,0.11953946948051453,0.10887757688760757,0
45600,745.989,0,0.12988446404536566,0.1327785700559616,0
45612,746.185,0,0.14260529975096384,0.14799724519252777,0
45624,746.381,0,0.15093576411406198,0.14704008400440216,0
45636,746.578,0,0.1477558563152949,0.15776996314525604,0
45648,746.774,0,0.14290464421113333,0.1384575217962265,0
45660,746.97,0,0.12003062168757121,0.13248644769191742,0
45672,747.167,0,0.1027098223567009,0.0891478955745697,0
45684,747.363,0,0.08237534761428833,0.08649512380361557,0
45696,747.559,0,0.08246694753567378,0.07148302346467972,0
45708,747.755,0,0.0813604195912679,0.08942269533872604,0
45720,747.952,0,0.08506511400143306,0.08317553997039795,0
45732,748.148,0,0.0830332487821579,0.08259710669517517,0
45744,748.344,0,0.08274498333533604,0.08332709968090057,0
45756,748.541,0,0.12356256693601608,0.0823107436299324,0
45768,748.737,0,0.1546985184152921,0.20504985749721527,0
45780,748.933,0,0.19722615679105124,0.17673495411872864,0
45792,749.13,0,0.16622941692670187,0.20989365875720978,0
45804,749.326,0,0.13895416756471,0.11205963790416718,0
45816,749.522,0,0.12008516490459442,0.09490920603275299,0
45828,749.719,0,0.1218138833840688,0.1532866507768631,0
45840,749.915,0,0.1314202348391215,0.11724579334259033,0
45852,750.111,0,0.15107274055480957,0.12372826039791107,0
45864,750.308,0,0.15028657764196396,0.2122441679239273,0
45876,750.504,0,0.14226636290550232,0.1148873046040535,0
45888,750.7,0,0.13537213702996573,0.09966761618852615,0
45900,750.896,0,0.15697743743658066,0.1915614902973175,0
45912,751.093,0,0.17508350809415182,0.17970320582389832,0
45924,751.289,0,0.16255828738212585,0.15398582816123962,0
45936,751.485,0,0.19901074965794882,0.15398582816123962,0
45948,751.682,1,0.17227880408366522,0.2890605926513672,0
45960,751.878,1,0.1609521508216858,0.07378999143838882,0
45972,752.074,1,0.09284859399000804,0.12000586837530136,0
45984,752.271,1,0.08984127392371495,0.08474992215633392,0
45996,752.467,1,0.09912745157877605,0.06476803123950958,0
46008,752.663,1,0.10090592255194981,0.14786440134048462,0
46020,752.86,1,0.10330243408679962,0.09008533507585526,0
46032,753.056,1,0.0793056810895602,0.07195756584405899,0
46044,753.252,1,0.1247043510278066,0.07587414234876633,0
46056,753.449,1,0.18281909575064978,0.22628134489059448,0
46068,753.645,1,0.18058115243911743,0.2463018000125885,0
46080,753.841,1,0.15351985891660055,0.06916031241416931,0
46092,754.037,1,0.10547638932863872,0.14509746432304382,0
46104,754.234,1,0.1208680272102356,0.102171391248703,0
46116,754.43,1,0.09553501258293788,0.11533522605895996,0
46128,754.626,0,0.12827361871798834,0.06909842044115067,0
46140,754.823,0,0.30352766563495,0.20038720965385437,0
46152,755.019,0,0.3985845446586609,0.641097366809845,0
46164,755.215,0,0.49948572119077045,0.3542690575122833,1
46176,755.412,0,0.37397236625353497,0.5030907392501831,0
46188,755.608,0,0.34056006868680316,0.2645573019981384,0
46200,755.804,0,0.24027270575364432,0.254032164812088,0
46212,756.001,0,0.2491152137517929,0.20222865045070648,0
46224,756.197,0,0.24541092912356058,0.29108482599258423,0
46236,756.393,0,0.24281275272369385,0.24291931092739105,0
46248,756.59,0,0.20910669366518655,0.19443412125110626,0
46260,756.786,0,0.20744799574216208,0.18996664881706238,0
46272,756.982,0,0.22773373623689017,0.23794321715831757,0
46284,757.178,0,0.2462035914262136,0.2552913427352905,0
46296,757.375,0,0.23179120818773905,0.24537621438503265,0
46308,757.571,0,0.21096314986546835,0.19470606744289398,0
46320,757.767,0,0.1953609734773636,0.1928071677684784,0
46332,757.964,0,0.19404944777488708,0.19856968522071838,0
46344,758.16,0,0.19286836187044779,0.19077149033546448,0
46356,758.356,0,0.19383150339126587,0.18926391005516052,0
46368,758.553,0,0.1947007179260254,0.2014591097831726,0
46380,758.749,0,0.2708824773629506,0.19337913393974304,0
46392,758.945,0,0.2926237682501475,0.4178091883659363,0
46404,759.142,0,0.3039563496907552,0.2666829824447632,0
46416,759.338,0,0.22875621418158212,0.22737687826156616,0
46428,759.534,0,0.2015570749839147,0.19220878183841705,0
46440,759.731,0,0.2026293029387792,0.18508556485176086,0
46452,759.927,0,0.15885343526800474,0.23059356212615967,0
46464,760.123,0,0.14291565989454588,0.060881178826093674,0
46476,760.319,0,0.1218212532500426,0.13727223873138428,0
46488,760.516,0,0.17359813551108041,0.16731034219264984,0
46500,760.712,0,0.18201100826263428,0.21621182560920715,0
46512,760.908,0,0.1748158037662506,0.16251085698604584,0
46524,761.105,0,0.16165535151958466,0.14572472870349884,0
46536,761.301,0,0.2006333371003469,0.1767304688692093,0
46548,761.497,0,0.20346316695213318,0.2794448137283325,0
46560,761.694,0,0.19368337094783783,0.15421421825885773,0
46572,761.89,0,0.12798977146546045,0.14739108085632324,0
46584,762.086,0,0.1039972926179568,0.08236401528120041,0
46596,762.283,0,0.10736536234617233,0.08223678171634674,0
46608,762.479,0,0.10896904269854228,0.15749529004096985,0
46620,762.675,0,0.1007387638092041,0.08717505633831024,0
46632,762.872,0,0.1060866266489029,0.057545945048332214,0
46644,763.068,0,0.12456605831782024,0.17353887856006622,0
46656,763.264,0,0.15304401516914368,0.14261335134506226,0
46668,763.46,0,0.12039332340161006,0.14297981560230255,0
46680,763.657,0,0.13070183247327805,0.07558680325746536,0
46692,763.853,0,0.10823749502499898,0.17353887856006622,0
46704,764.049,0,0.1408881867925326,0.07558680325746536,0
46716,764.246,0,0.13057967772086462,0.17353887856006622,0
46728,764.442,0,0.15292186041673025,0.14261335134506226,0
46740,764.638,0,0.14261335134506226,0.14261335134506226,0
46752,764.835,0,0.14261335134506226,0.14261335134506226,0
46764,765.031,0,0.14261335134506226,0.14261335134506226,0
46776,765.227,0,0.14261335134506226,0.14261335134506226,0
46788,765.424,0,0.14536275962988535,0.14261335134506226,0
46800,765.62,0,0.14536275962988535,0.15086157619953156,0
46812,765.816,0,0.14536275962988535,0.14261335134506226,0
46824,766.013,0,0.14261335134506226,0.14261335134506226,0
46836,766.209,0,0.14261335134506226,0.14261335134506226,0
46848,766.405,0,0.14261335134506226,0.14261335134506226,0
46860,766.601,0,0.14538313945134482,0.14261335134506226,0
46872,766.798,0,0.14538313945134482,0.1509227156639099,0
46884,766.994,0,0.14538313945134482,0.14261335134506226,0
46896,767.19,0,0.14378334085146585,0.14261335134506226,0
46908,767.387,0,0.14378334085146585,0.14612331986427307,0
46920,767.583,0,0.1465531289577484,0.14261335134506226,0
46932,767.779,0,0.14538313945134482,0.1509227156639099,0
46944,767.976,0,0.14538313945134482,0.14261335134506226,0
46956,768.172,0,0.14261335134506226,0.14261335134506226,0
46968,768.368,0,0.14261335134506226,0.14261335134506226,0
46980,768.565,0,0.14538313945134482,0.14261335134506226,0
46992,768.761,0,0.14676803350448608,0.1509227156639099,0
